Participant,CollectionSite,Address,City,State,Zip,MapURL
10TH JUDICIAL DISTRICT DRUG TASK FORCE,COLONY SQUARE,2524 KEITH ST NW,CLEVELAND,TN,37312,"http://maps.google.com/maps?q=2524 KEITH ST NW,+CLEVELAND,+TN+37312&hl=en"
10TH JUDICIAL DISTRICT DRUG TASK FORCE,CVS,WASHINGTON AVE,ATHENS,TN,37303,"http://maps.google.com/maps?q=WASHINGTON AVE,+ATHENS,+TN+37303&hl=en"
10TH JUDICIAL DISTRICT DRUG TASK FORCE,EAST POLK CO SHERIFF DEPT,398 MAIN ST,DUCKTOWN,TN,37326,"http://maps.google.com/maps?q=398 MAIN ST,+DUCKTOWN,+TN+37326&hl=en"
10TH JUDICIAL DISTRICT DRUG TASK FORCE,WEST POLK CO SHERIFF OFFICE,164 INDUSTRIAL ACCESS CIRCLE,BENTON,TN,37307,"http://maps.google.com/maps?q=164 INDUSTRIAL ACCESS CIRCLE,+BENTON,+TN+37307&hl=en"
ACWORTH POLICE DEPARTMENT,TARGET,3378 COBB PARKWAY,ACWORTH,GA,30101,"http://maps.google.com/maps?q=3378 COBB PARKWAY,+ACWORTH,+GA+30101&hl=en"
ALABAMA BOARD OF PHARMACY,ALABAMA BOARD OF PHARMACY,111 VILLAGE STREET,BIRMINGHAM,AL,35242,"http://maps.google.com/maps?q=111 VILLAGE STREET,+BIRMINGHAM,+AL+35242&hl=en"
ALGOOD POLICE DEPT.,ALGOOD CITY HALL LOBBY,215 W. MAIN STREET,COOKEVILLE,TN,38506,"http://maps.google.com/maps?q=215 W. MAIN STREET,+COOKEVILLE,+TN+38506&hl=en"
"ANNISTON ARMY DEPOT, ASAP",ANNISTON ARMY DEPOT BLDG 206 AND 422,7 FRANKFORD AVEASAP,ANNISTON,AL,36201,"http://maps.google.com/maps?q=7 FRANKFORD AVE,+ANNISTON,+AL+36201&hl=en"
ATHENS TN POLICE DEPARTMENT,ATHENS POLICE DEPARTMENT,815 NORTH JACKSON STREET,ATHENS,TN,37303,"http://maps.google.com/maps?q=815 NORTH JACKSON STREET,+ATHENS,+TN+37303&hl=en"
AUBURN POLICE DIVISION,OUR HOME PHARMACY OGLETREE VILLAGE,2320 MOORES MILL ROAD #100,AUBURN,AL,36830,"http://maps.google.com/maps?q=2320 MOORES MILL ROAD #100,+AUBURN,+AL+36830&hl=en"
AVONDALE ESTATES POLICE DEPARTMENT,AVONDALE ESTATES PD,21 N. AVONDALE PLAZA,AVONDALE ESTATES,GA,30002,"http://maps.google.com/maps?q=21 N. AVONDALE PLAZA,+AVONDALE ESTATES,+GA+30002&hl=en"
BESSEMER POLICE DEPARTMENT,BESSEMER POLICE DEPARTMENT,23 15TH STREET NORTH,BESSEMER,AL,35020,"http://maps.google.com/maps?q=23 15TH STREET NORTH,+BESSEMER,+AL+35020&hl=en"
BRADLEY COUNTY SHERIFF'S OFFICE,BCSO CID ENTRANCE,2290 BLYTHE AVE SE,CLEVELAND,TN,37311,"http://maps.google.com/maps?q=2290 BLYTHE AVE SE,+CLEVELAND,+TN+37311&hl=en"
BRADLEY COUNTY SHERIFF'S OFFICE,COLONY SQUARE,KEITH STREET,CLEVELAND,TN,37312,"http://maps.google.com/maps?q=KEITH STREET,+CLEVELAND,+TN+37312&hl=en"
BRENTWOOD POLICE DEPARTMENT,BRENTWOOD POLICE DEPARTMENT,5211 MARYLAND WAY,BRENTWOOD,TN,37027,"http://maps.google.com/maps?q=5211 MARYLAND WAY,+BRENTWOOD,+TN+37027&hl=en"
BROOKHAVEN POLICE DEPARTMENT,KROGER PHARMACY,3871 PEACHTREE RD,ATLANTA,GA,30319,"http://maps.google.com/maps?q=3871 PEACHTREE RD,+ATLANTA,+GA+30319&hl=en"
CALHOUN CO SHERIFF'S OFFICE,CALHOUN COUNTY SHERIFF'S OFFICE,20838 NE WC REEDER DRIVE,BLOUNTSTOWN,FL,32424,"http://maps.google.com/maps?q=20838 NE WC REEDER DRIVE,+BLOUNTSTOWN,+FL+32424&hl=en"
CALHOUN COUNTY SHERIFF'S OFFICE,CVS PHARMACY,825 SOUTH QUINTARD AVE,OXFORD,AL,36203,"http://maps.google.com/maps?q=825 SOUTH QUINTARD AVE,+OXFORD,+AL+36203&hl=en"
CARROLL COUNTY SHERIFF'S OFFICE,CARROLL COUNTY SHERIFF'S OFFICE MAIN ENTRANCE,1000 NEWNAN ROAD,CARROLLTON,GA,30116,"http://maps.google.com/maps?q=1000 NEWNAN ROAD,+CARROLLTON,+GA+30116&hl=en"
CARTERSVILLE POLICE DEPARTMENT,CARTERSVILLE POLICE DEPARTMENT,195 CASSVILLE ROAD,CARTERSVILLE,GA,30120,"http://maps.google.com/maps?q=195 CASSVILLE ROAD,+CARTERSVILLE,+GA+30120&hl=en"
CATOOSA CO. SHERIFF'S OFFICE,CATOOSA CO. SHERIFF'S OFFICE,5842 HIGHWAY 41,RINGGOLD,GA,30736,"http://maps.google.com/maps?q=5842 HIGHWAY 41,+RINGGOLD,+GA+30736&hl=en"
CHAMBERS COUNTY DRUG TASK FORCE,CHAMBERS COUNTY COURTHOUSE,2 SOUTH LAFAYETTE STREET,LAFAYETTE,AL,36862,"http://maps.google.com/maps?q=2 SOUTH LAFAYETTE STREET,+LAFAYETTE,+AL+36862&hl=en"
CHAMBERS COUNTY DRUG TASK FORCE,CVS PHARMACY,10 VETERANS MEMORIAL PARKWAY,LANETT,AL,36863,"http://maps.google.com/maps?q=10 VETERANS MEMORIAL PARKWAY,+LANETT,+AL+36863&hl=en"
CHAMBERS COUNTY DRUG TASK FORCE,VALLEY POLICE DEPARTMENT,20 FOB JAMES DRIVE,VALLEY,AL,36854,"http://maps.google.com/maps?q=20 FOB JAMES DRIVE,+VALLEY,+AL+36854&hl=en"
CHAPEL HILL POLICE DEPT.,CHAPEL HILL POLICE DEPT.,119 N. HORTON PKWY,CHAPEL HILL,TN,37034,"http://maps.google.com/maps?q=119 N. HORTON PKWY,+CHAPEL HILL,+TN+37034&hl=en"
CHEROKEE COUNTY SHERIFF'S OFFICE,CHEROKEE COUNTY SHERIFF'S OFFICE,110 CEDAR BLUFF RD,CENTRE,AL,35960,"http://maps.google.com/maps?q=110 CEDAR BLUFF RD,+CENTRE,+AL+35960&hl=en"
CLANTON POLICE DEPARTMENT,CVS PHARMACY,1105 7TH STREET NORTH,CLANTON,AL,35045,"http://maps.google.com/maps?q=1105 7TH STREET NORTH,+CLANTON,+AL+35045&hl=en"
CLARKSTON POLICE DEPARTMENT,CLARKSTON POLICE DEPARTMENT,3921 CHURCH STREET,CLARKSTON,GA,30021,"http://maps.google.com/maps?q=3921 CHURCH STREET,+CLARKSTON,+GA+30021&hl=en"
CLAYTON COUNTY POLICE DEPARTMENT,CLAYTON COUNTY POLICE DEPARTMENT HQTRS,7911 NORTH MCDONOUGH STREET,JONESBORO,GA,30236,"http://maps.google.com/maps?q=7911 NORTH MCDONOUGH STREET,+JONESBORO,+GA+30236&hl=en"
COBB COUNTY POLICE DEPARTMENT,PRECINCT 1,2380 COBB PKWY NE,MARIETTA,GA,30060,"http://maps.google.com/maps?q=2380 COBB PKWY NE,+MARIETTA,+GA+30060&hl=en"
COBB COUNTY POLICE DEPARTMENT,YMCA WEST COBB,1700 DENNIS KEMP LANE,KENNESAW,GA,30152,"http://maps.google.com/maps?q=1700 DENNIS KEMP LANE,+KENNESAW,+GA+30152&hl=en"
COOKEVILLE POLICE DEPT.,ANDY'S PHARMACY,305 W. SPRING STREET,COOKEVILLE,TN,38501,"http://maps.google.com/maps?q=305 W. SPRING STREET,+COOKEVILLE,+TN+38501&hl=en"
COOSA COUNTY SHERIFF OFFICE,COOSA COUNTY SHERIFF'S OFFICE,296 SCHOOL STREET,ROCKFORD,AL,35136,"http://maps.google.com/maps?q=296 SCHOOL STREET,+ROCKFORD,+AL+35136&hl=en"
COWETA COUNTY SHERIFF'S OFFICE,CORNERSTONE UNITED METHODIST CHURCH,2956 SHARPSBURGH-MCCOLLUM RD.,NEWNAN,GA,30265,"http://maps.google.com/maps?q=2956 SHARPSBURGH-MCCOLLUM RD.,+NEWNAN,+GA+30265&hl=en"
CRESTVIEW POLICE DEPARTMENT,WALGREEN'S,2350 S. FERDON BLVD.,CRESTVIEW,FL,32536,"http://maps.google.com/maps?q=2350 S. FERDON BLVD.,+CRESTVIEW,+FL+32536&hl=en"
CRISP COUNTY SHERIFF多S OFFICE,CRISP COUNTY SHERIFF多S OFFICE,196 HWY. 300 SOUTH,CORDELE,GA,31015,"http://maps.google.com/maps?q=196 HWY. 300 SOUTH,+CORDELE,+GA+31015&hl=en"
CROSSVILLE POLICE DEPT.,CROSSVILLE POLICE DEPT.,115 HENRY ST.,CROSSVILLE,TN,38555,"http://maps.google.com/maps?q=115 HENRY ST.,+CROSSVILLE,+TN+38555&hl=en"
CUMBERLAND CO. SHERIFF'S DEPARTMENT,CUMBERLAND COUNTY SHERIFF,90 JUSTICE CENTER DR,CROSSVILLE,TN,38555,"http://maps.google.com/maps?q=90 JUSTICE CENTER DR,+CROSSVILLE,+TN+38555&hl=en"
DEA - CHATTANOOGA,WALGREENS,110 NORTH MARKET ST.,CHATTANOOGA,TN,37405,"http://maps.google.com/maps?q=110 NORTH MARKET ST.,+CHATTANOOGA,+TN+37405&hl=en"
DEA - CHATTANOOGA,WALGREENS,14857 RANKIN AVENUE,DUNLAP,TN,37327,"http://maps.google.com/maps?q=14857 RANKIN AVENUE,+DUNLAP,+TN+37327&hl=en"
DEA - CHATTANOOGA,WALGREENS,2289 GUNBARREL ROAD,CHATTANOOGA,TN,37421,"http://maps.google.com/maps?q=2289 GUNBARREL ROAD,+CHATTANOOGA,+TN+37421&hl=en"
DEA - CHATTANOOGA,WALGREENS,35 25TH ST NW,CLEVELAND,TN,37311,"http://maps.google.com/maps?q=35 25TH ST NW,+CLEVELAND,+TN+37311&hl=en"
DECATUR POLICE DEPARTMENT,DECATUR POLICE DEPARTMENT,420 WEST TRINITY PLACE,DECATUR,GA,30030,"http://maps.google.com/maps?q=420 WEST TRINITY PLACE,+DECATUR,+GA+30030&hl=en"
DOTHAN POLICE DEPARTMENT,DOTHAN HOUSTON COUNTY LIBRARY,445 NORTH OATES STREET,DOTHAN,AL,36303,"http://maps.google.com/maps?q=445 NORTH OATES STREET,+DOTHAN,+AL+36303&hl=en"
DUNLAP POLICE DEPT,DUNLAP POLICE DEPT,119 CHURCH ST,DUNLAP,TN,37327,"http://maps.google.com/maps?q=119 CHURCH ST,+DUNLAP,+TN+37327&hl=en"
DUNWOODY POLICE DEPT,DUNWOODY POLICE DEPARTMENT HEADQUARTERS,4800 ASHFORD DUNWOODY RD,ATLANTA,GA,30338,"http://maps.google.com/maps?q=4800 ASHFORD DUNWOODY RD,+ATLANTA,+GA+30338&hl=en"
EAST POINT POLICE DEPARTMENT,EAST POINT POLICE DEPARTMENT LAW ENFORCEMENT CENTER,2727 EAST POINT STREET,ATLANTA,GA,30344,"http://maps.google.com/maps?q=2727 EAST POINT STREET,+ATLANTA,+GA+30344&hl=en"
EAST RIDGE POLICE DEPARTMENT,ELKS LODGE,1069 GRAYSVILLE RD,CHATTANOOGA,TN,37421,"http://maps.google.com/maps?q=1069 GRAYSVILLE RD,+CHATTANOOGA,+TN+37421&hl=en"
EAST RIDGE POLICE DEPARTMENT,WALGREENS,5301 RINGGOLD RD,EAST RIDGE,TN,37412,"http://maps.google.com/maps?q=5301 RINGGOLD RD,+EAST RIDGE,+TN+37412&hl=en"
ELBERTA POLICE DEPARTMENT,ELBERTA POLICE DEPARTMENT,13062 MAIN STREET,ELBERTA,AL,36530,"http://maps.google.com/maps?q=13062 MAIN STREET,+ELBERTA,+AL+36530&hl=en"
ESCAMBIA COUNTY SHERIFF OFFICE,WALGREENS,1841 E OLIVE RD,PENSACOLA,FL,32514,"http://maps.google.com/maps?q=1841 E OLIVE RD,+PENSACOLA,+FL+32514&hl=en"
ESCAMBIA COUNTY SHERIFF OFFICE,WALGREENS,4497 MOBILE HWY,PENSACOLA,FL,32505,"http://maps.google.com/maps?q=4497 MOBILE HWY,+PENSACOLA,+FL+32505&hl=en"
ESCAMBIA COUNTY SHERIFF OFFICE,WALGREENS,5995 W MOBILE HWY,PENSACOLA,FL,32526,"http://maps.google.com/maps?q=5995 W MOBILE HWY,+PENSACOLA,+FL+32526&hl=en"
ESCAMBIA COUNTY SHERIFF OFFICE,WALGREENS,6314 NORTH 9TH AVE,PENSACOLA,FL,32504,"http://maps.google.com/maps?q=6314 NORTH 9TH AVE,+PENSACOLA,+FL+32504&hl=en"
ESCAMBIA COUNTY SHERIFF OFFICE,WALGREENS,700 NORTH PACE BLVD,PENSACOLA,FL,32505,"http://maps.google.com/maps?q=700 NORTH PACE BLVD,+PENSACOLA,+FL+32505&hl=en"
ESCAMBIA COUNTY SHERIFF OFFICE,WALGREENS,85 BEVERLY PARKWAY,PENSACOLA,FL,32505,"http://maps.google.com/maps?q=85 BEVERLY PARKWAY,+PENSACOLA,+FL+32505&hl=en"
ETOWAH COUNTY DRUG ENFORCEMENT UNIT,WALMART,304 E. MEIGHAN BLVD.,GADSDEN,AL,35903,"http://maps.google.com/maps?q=304 E. MEIGHAN BLVD.,+GADSDEN,+AL+35903&hl=en"
FAIRFIELD GLADE POLICE DEPARTMENT,FOOD CITY,141 TOWN CENTER DR.,CROSSVILLE,TN,38558,"http://maps.google.com/maps?q=141 TOWN CENTER DR.,+CROSSVILLE,+TN+38558&hl=en"
FAIRHOPE POLICE DEPARTMENT,FAIRHOPE POLICE DEPARTMENT,107 N SECTION STREET,FAIRHOPE,AL,36532,"http://maps.google.com/maps?q=107 N SECTION STREET,+FAIRHOPE,+AL+36532&hl=en"
FANNIN COUNTY SHERIFF'S OFFICE,FANNIN COUNTY SHERIFF'S OFFICE,645 WEST FIRST STREET,BLUE RIDGE,GA,30513,"http://maps.google.com/maps?q=645 WEST FIRST STREET,+BLUE RIDGE,+GA+30513&hl=en"
FAYETTE COUNTY SHERIFF'S DEPARTMENT,FAYETTE COUNTY SHERIFF'S DEPARTMENT,155 JOHNSON AVENUE,FAYETTEVILLE,GA,30214,"http://maps.google.com/maps?q=155 JOHNSON AVENUE,+FAYETTEVILLE,+GA+30214&hl=en"
FORSYTH COUNTY SHERIFF多S OFFICE,NORTH PRECINCT,2310 KEITH BRIDGE RD,CUMMING,GA,30040,"http://maps.google.com/maps?q=2310 KEITH BRIDGE RD,+CUMMING,+GA+30040&hl=en"
FORSYTH COUNTY SHERIFF多S OFFICE,SOUTH PRECINCT,2985 RONALD REAGAN BLVD,CUMMING,GA,30041,"http://maps.google.com/maps?q=2985 RONALD REAGAN BLVD,+CUMMING,+GA+30041&hl=en"
FORT PAYNE POLICE DEPARTMENT,FORT PAYNE POLICE DEPARTMENT,200 GAULT AVE S,FORT PAYNE,AL,35967,"http://maps.google.com/maps?q=200 GAULT AVE S,+FORT PAYNE,+AL+35967&hl=en"
GADSDEN COUNTY SHERIFF'S OFFICE,GADSDEN COUNTY SHERIFF'S OFFICE,339 EAST JEFFERSON STREET,QUINCY,FL,32351,"http://maps.google.com/maps?q=339 EAST JEFFERSON STREET,+QUINCY,+FL+32351&hl=en"
GARDENDALE POLICE DEPARTMENT,GARDENDALE POLICE DEPARTMENT,1309 DECATUR HIGHWAY,GARDENDALE,AL,35071,"http://maps.google.com/maps?q=1309 DECATUR HIGHWAY,+GARDENDALE,+AL+35071&hl=en"
GILES COUNTY SHERIFF'S DEPT.,FRED'S PHARMACY,1670 W. COLLEGE ST. #1,PULASKI,TN,38478,"http://maps.google.com/maps?q=1670 W. COLLEGE ST. #1,+PULASKI,+TN+38478&hl=en"
GROVEHILL POLICE DEPARTMENT,CITY DRUGS,123 JACKSON STREET SOUTH,GROVE HILL,AL,36451,"http://maps.google.com/maps?q=123 JACKSON STREET SOUTH,+GROVE HILL,+AL+36451&hl=en"
GULF BREEZE POLICE DEPARTMENT,GULF BREEZE POLICE DEPARTMENT,311 FAIRPOINT DRIVE,GULF BREEZE,FL,32561,"http://maps.google.com/maps?q=311 FAIRPOINT DRIVE,+GULF BREEZE,+FL+32561&hl=en"
GWINNETT COUNTY POLICE DEPARTMENT,CITY OF BERKELEY LAKE CITY HALL,4040 S. BERKELEY LAKE ROAD,DULUTH,GA,30096,"http://maps.google.com/maps?q=4040 S. BERKELEY LAKE ROAD,+DULUTH,+GA+30096&hl=en"
GWINNETT COUNTY SHERIFF'S OFFICE,GWINNETT COUNTY POLICE DEPARTMENT,2900 UNIVESTIY PARKWAY,LAWRENCEVILLE,GA,30043,"http://maps.google.com/maps?q=2900 UNIVESTIY PARKWAY,+LAWRENCEVILLE,+GA+30043&hl=en"
GWINNETT COUNTY SHERIFF'S OFFICE,KROGER STORE 476,6555 SUGARLOAF PARKWAYSUITE 200,DULUTH,GA,30097,"http://maps.google.com/maps?q=6555 SUGARLOAF PARKWAY,+DULUTH,+GA+30097&hl=en"
HALL COUNTY SHERIFF'S OFFICE,KROGER,4025 WINDER HWY,FLOWERY BRANCH,GA,30542,"http://maps.google.com/maps?q=4025 WINDER HWY,+FLOWERY BRANCH,+GA+30542&hl=en"
HAMILTON COUNTY SHERIFF'S OFFICE,MT. CANNAN BAPTIST CHURCH,4801 HWY 58,CHATTANOOGA,TN,37416,"http://maps.google.com/maps?q=4801 HWY 58,+CHATTANOOGA,+TN+37416&hl=en"
HAMILTON COUNTY SHERIFF'S OFFICE,ORCHARD KNOB,1734 EAST 3RD ST,CHATTANOOGA,TN,37404,"http://maps.google.com/maps?q=1734 EAST 3RD ST,+CHATTANOOGA,+TN+37404&hl=en"
HAMILTON COUNTY SHERIFF'S OFFICE,WALGREENS,121 HARRISON LN.,SODDY DAISY,TN,37379,"http://maps.google.com/maps?q=121 HARRISON LN.,+SODDY DAISY,+TN+37379&hl=en"
HAMILTON COUNTY SHERIFF'S OFFICE,WALGREENS,3605 BRAINERD ROAD,CHATTANOOGA,TN,37411,"http://maps.google.com/maps?q=3605 BRAINERD ROAD,+CHATTANOOGA,+TN+37411&hl=en"
HARRIMAN POLICE DEPT.,KROGER FOOD STORE,1820 ROANE STATE HWY,HARRIMAN,TN,37748,"http://maps.google.com/maps?q=1820 ROANE STATE HWY,+HARRIMAN,+TN+37748&hl=en"
HARRIMAN POLICE DEPT.,WALGREENS,1797 ROANE STATE HWY,HARRIMAN,TN,37748,"http://maps.google.com/maps?q=1797 ROANE STATE HWY,+HARRIMAN,+TN+37748&hl=en"
HAVANA POLICE DEPARTMENT,HAVANA POLICE DEPARTMENT,121 E. 7TH AVENUE,HAVANA,FL,32333,"http://maps.google.com/maps?q=121 E. 7TH AVENUE,+HAVANA,+FL+32333&hl=en"
HOHENWALD POLICE DEPT.,HOHENWALD POLICE DEPT.,106 N. COURT ST.,HOHENWALD,TN,38462,"http://maps.google.com/maps?q=106 N. COURT ST.,+HOHENWALD,+TN+38462&hl=en"
HOOVER POLICE DEPARTMENT,HOOVER POLICE DEPARTMENT,100 MUNICIPAL DRIVE,BIRMINGHAM,AL,35216,"http://maps.google.com/maps?q=100 MUNICIPAL DRIVE,+BIRMINGHAM,+AL+35216&hl=en"
JACKSON COUNTY SHERIFF'S OFFICE,JACKSON COUNTY FARMER'S MARKET,2844 MADISON STREET,MARIANNA,FL,32448,"http://maps.google.com/maps?q=2844 MADISON STREET,+MARIANNA,+FL+32448&hl=en"
JASPER POLICE DEPARTMENT,JASPER POLICE DEPARTMENT,1610 ALABAMA AVENUE,JASPER,AL,35501,"http://maps.google.com/maps?q=1610 ALABAMA AVENUE,+JASPER,+AL+35501&hl=en"
JEFFERSON COUNTY SHERIFF DEPARTMENT,JEFFERSON COUNTY SHERIFF DEPARTMENT,2651 CENTER POINT ROAD,BIRMINGHAM,AL,35215,"http://maps.google.com/maps?q=2651 CENTER POINT ROAD,+BIRMINGHAM,+AL+35215&hl=en"
JEFFERSON COUNTY SHERIFF DEPARTMENT,JEFFERSON COUNTY SHERIFFF MCCALLA,5977 EASTERN VALLEY ROAD,MC CALLA,AL,35111,"http://maps.google.com/maps?q=5977 EASTERN VALLEY ROAD,+MC CALLA,+AL+35111&hl=en"
JOHNS CREEK POLICE DEPARTMENT,TARGET,5950 STATE BRIDGE RD,ALPHARETTA,GA,30022,"http://maps.google.com/maps?q=5950 STATE BRIDGE RD,+ALPHARETTA,+GA+30022&hl=en"
JONES COUNTY SHERIFF'S OFFICE,JONES COUNTY SHERIFF'S OFFICE,123 HOLMES HAWKINS DRIVE,GRAY,GA,31032,"http://maps.google.com/maps?q=123 HOLMES HAWKINS DRIVE,+GRAY,+GA+31032&hl=en"
JONESBORO POLICE DEPARTMENT,JONESBORO POLCE DEPARTMENT,170 S. MAIN STREET,JONESBORO,GA,30236,"http://maps.google.com/maps?q=170 S. MAIN STREET,+JONESBORO,+GA+30236&hl=en"
KENNESAW POLICE DEPARTMENT,CVS PHARMACY,2782 COBB PKWY.,KENNESAW,GA,30144,"http://maps.google.com/maps?q=2782 COBB PKWY.,+KENNESAW,+GA+30144&hl=en"
KINGSTON POLICE DEPT.,FOOD CITY,1000 LADD LANDING BLVD.,KINGSTON,TN,37763,"http://maps.google.com/maps?q=1000 LADD LANDING BLVD.,+KINGSTON,+TN+37763&hl=en"
LAVERGNE POLICE DEPARTMENT,KROGER,5145 MURFREESBORO RD,LA VERGNE,TN,37086,"http://maps.google.com/maps?q=5145 MURFREESBORO RD,+LA VERGNE,+TN+37086&hl=en"
LAWRENCE CO. SHERIFF'S DEPT.,WLX COUNTRY CAFE,1212 N. LOCUST AVE,LAWRENCEBURG,TN,38464,"http://maps.google.com/maps?q=1212 N. LOCUST AVE,+LAWRENCEBURG,+TN+38464&hl=en"
LEE COUNTY SHERIFF'S OFFICE,SMITHS STATION GOVERNMENT CENTER,2336 LEE RD 430,SMITHS STATION,AL,36877,"http://maps.google.com/maps?q=2336 LEE RD 430,+SMITHS STATION,+AL+36877&hl=en"
LINCOLN CO. SHERIFF'S DEPT,LINCOLN COUNTY HIGH SCHOOL,1233 HUNTSVILLE HWY,FAYETTEVILLE,TN,37334,"http://maps.google.com/maps?q=1233 HUNTSVILLE HWY,+FAYETTEVILLE,+TN+37334&hl=en"
LOGANVILLE POLICE DEPARTMENT,KROGER,4753 ATLANTA HIGHWAY,LOGANVILLE,GA,30052,"http://maps.google.com/maps?q=4753 ATLANTA HIGHWAY,+LOGANVILLE,+GA+30052&hl=en"
LORETTO POLICE DEPT.,LORETTO CITY HALL,415 NORTH MILITARY STRREET,LORETTO,TN,38469,"http://maps.google.com/maps?q=415 NORTH MILITARY STRREET,+LORETTO,+TN+38469&hl=en"
MADISONVILLE POLICE DEPT.,MADISONVILLE POLICE DEPARTMENT,315 ENGLEWOOD RD.,MADISONVILLE,TN,37354,"http://maps.google.com/maps?q=315 ENGLEWOOD RD.,+MADISONVILLE,+TN+37354&hl=en"
MANCHESTER POLICE DEPARTMENT,MANCHESTER POLICE DEPARTMENT DRUG TAKE BACK DROP BOX,200 WEST FORT STREET,MANCHESTER,TN,37355,"http://maps.google.com/maps?q=200 WEST FORT STREET,+MANCHESTER,+TN+37355&hl=en"
MARSHALL COUNTY SHERIFF'S OFFICE,MARSHALL COUNTY SHERIFF'S OFFICE,209 1ST AVE N.,LEWISBURG,TN,37091,"http://maps.google.com/maps?q=209 1ST AVE N.,+LEWISBURG,+TN+37091&hl=en"
MCMINN COUNTY SHERIFF OFFICE,CVS,928 DECATUR PIKE,ATHENS,TN,37303,"http://maps.google.com/maps?q=928 DECATUR PIKE,+ATHENS,+TN+37303&hl=en"
MCMINNVILLE POLICE DEPT.,MCMINNVILLE POLICE DEPARTMENT,204 RED ROAD,MCMINNVILLE,TN,37110,"http://maps.google.com/maps?q=204 RED ROAD,+MCMINNVILLE,+TN+37110&hl=en"
MERCER UNIVERSITY POLICE DEPARTMENT,MERCER UNIVERSITY NORTH PARKING LOT,3001 MERCER UNIVERSITY DRIVE,ATLANTA,GA,30341,"http://maps.google.com/maps?q=3001 MERCER UNIVERSITY DRIVE,+ATLANTA,+GA+30341&hl=en"
METRO NASHVILLE POLICE DEPARTMENT,KROGER,5544 OLD HICKORY BLVD.,HERMITAGE,TN,37076,"http://maps.google.com/maps?q=5544 OLD HICKORY BLVD.,+HERMITAGE,+TN+37076&hl=en"
METRO NASHVILLE POLICE DEPARTMENT,KROGER,6690 NOLENSVILLE RD.,BRENTWOOD,TN,37027,"http://maps.google.com/maps?q=6690 NOLENSVILLE RD.,+BRENTWOOD,+TN+37027&hl=en"
MIDDLE TN STATE UNIVERSITY POLICE DEPARTMENT,"MTSU HEALTH SERVICES OCTOBER 25, 2018",1848 BLUE RAIDER DRIVE,MURFREESBORO,TN,37132,"http://maps.google.com/maps?q=1848 BLUE RAIDER DRIVE,+MURFREESBORO,+TN+37132&hl=en"
MILLBROOK POLICE DEPARTMENT,JONES DRUG,4117 HWY 14,MILLBROOK,AL,36054,"http://maps.google.com/maps?q=4117 HWY 14,+MILLBROOK,+AL+36054&hl=en"
MILTON POLICE DEPARTMENT,TARGET,13055 HIGHWAY 9,ALPHARETTA,GA,30004,"http://maps.google.com/maps?q=13055 HIGHWAY 9,+ALPHARETTA,+GA+30004&hl=en"
MOBILE COUNTY SHERIFF'S OFFICE,COSTCO,1450 TINGLE CIRCLE EAST,MOBILE,AL,36606,"http://maps.google.com/maps?q=1450 TINGLE CIRCLE EAST,+MOBILE,+AL+36606&hl=en"
MOBILE COUNTY SHERIFF'S OFFICE,CVS PHARMACY #1814,3932 COTTAGE HILL ROAD,MOBILE,AL,36695,"http://maps.google.com/maps?q=3932 COTTAGE HILL ROAD,+MOBILE,+AL+36695&hl=en"
MOBILE COUNTY SHERIFF'S OFFICE,CVS PHARMACY #4818,4881 SCHILLINGER ROAD,MOBILE,AL,36619,"http://maps.google.com/maps?q=4881 SCHILLINGER ROAD,+MOBILE,+AL+36619&hl=en"
MOBILE COUNTY SHERIFF'S OFFICE,CVS PHARMACY #4888,44523 OLD SHELL ROAD,MOBILE,AL,36608,"http://maps.google.com/maps?q=44523 OLD SHELL ROAD,+MOBILE,+AL+36608&hl=en"
MOBILE COUNTY SHERIFF'S OFFICE,CVS PHARMACY #4900,2550 DAUPHIN STREET,MOBILE,AL,36606,"http://maps.google.com/maps?q=2550 DAUPHIN STREET,+MOBILE,+AL+36606&hl=en"
MOBILE COUNTY SHERIFF'S OFFICE,CVS PHARMACY #7671,1401 HILLCREST ROAD,MOBILE,AL,36695,"http://maps.google.com/maps?q=1401 HILLCREST ROAD,+MOBILE,+AL+36695&hl=en"
MOBILE COUNTY SHERIFF'S OFFICE,MOBILE COUNTY SHERIFF SOUTH SIDE OFFICE,510 SOUTH ROYAL,MOBILE,AL,36695,"http://maps.google.com/maps?q=510 SOUTH ROYAL,+MOBILE,+AL+36695&hl=en"
MOBILE COUNTY SHERIFF'S OFFICE,WALGREENS PHARMACY #01777,3948 AIRPORT BOULEVARD,MOBILE,AL,36608,"http://maps.google.com/maps?q=3948 AIRPORT BOULEVARD,+MOBILE,+AL+36608&hl=en"
MOBILE COUNTY SHERIFF'S OFFICE,WALGREENS PHARMACY #10851,6396 AIRPORT BLVD,MOBILE,AL,36608,"http://maps.google.com/maps?q=6396 AIRPORT BLVD,+MOBILE,+AL+36608&hl=en"
MOBILE COUNTY SHERIFF'S OFFICE,WALGREENS PHARMACY #15151,5705 COTTAGE HILL ROAD,MOBILE,AL,36609,"http://maps.google.com/maps?q=5705 COTTAGE HILL ROAD,+MOBILE,+AL+36609&hl=en"
MOBILE POLICE DEPARTMENT,MOBILE POLICE DEPARTMENT,2460 GOVERNMENT STREET,MOBILE,AL,36606,"http://maps.google.com/maps?q=2460 GOVERNMENT STREET,+MOBILE,+AL+36606&hl=en"
MONROE COUNTY SHERIFF OFFICE,MONROE COUNTY SHERIFF'S OFFICE,145 L. CAREY BITTICK DR,FORSYTH,GA,31029,"http://maps.google.com/maps?q=145 L. CAREY BITTICK DR,+FORSYTH,+GA+31029&hl=en"
MONROE COUNTY SHERIFF'S OFFICE,MONROE COUNTY SHERIFF'S DEPT,319 HICKORY ST,MADISONVILLE,TN,37354,"http://maps.google.com/maps?q=319 HICKORY ST,+MADISONVILLE,+TN+37354&hl=en"
MONROEVILLE POLICE DEPARTMENT,MONROEVILLE POLICE DEPARTMENT,49 SOUTH MOUNT PLEASANT AVENUE,MONROEVILLE,AL,36460,"http://maps.google.com/maps?q=49 SOUTH MOUNT PLEASANT AVENUE,+MONROEVILLE,+AL+36460&hl=en"
MONTEREY POLICE DEPARTMENT,FRED'S PHARMACY,250 E STRATTON AVE,MONTEREY,TN,38574,"http://maps.google.com/maps?q=250 E STRATTON AVE,+MONTEREY,+TN+38574&hl=en"
MONTEREY POLICE DEPARTMENT,MONTEREY DRUGS,201F NORTH ELMORE ST.,MONTEREY,TN,38574,"http://maps.google.com/maps?q=201F NORTH ELMORE ST.,+MONTEREY,+TN+38574&hl=en"
MONTGOMERY POLICE DEPARTMENT,FRAZER UNITED METHODIST CHURCH,6000 ATLANTA HIGHWAY,MONTGOMERY,AL,36117,"http://maps.google.com/maps?q=6000 ATLANTA HIGHWAY,+MONTGOMERY,+AL+36117&hl=en"
MONTGOMERY POLICE DEPARTMENT,JONES DRUG,59 WEST FAIRVIEW AVE,MONTGOMERY,AL,36105,"http://maps.google.com/maps?q=59 WEST FAIRVIEW AVE,+MONTGOMERY,+AL+36105&hl=en"
MONTGOMERY POLICE DEPARTMENT,SOUTH CENTRAL,3003 EAST SOUTH BLVD,MONTGOMERY,AL,36109,"http://maps.google.com/maps?q=3003 EAST SOUTH BLVD,+MONTGOMERY,+AL+36109&hl=en"
MUSCOGEE COUNTY SHERIFF'S OFFICE,AMC CLASSIC RITZ 13,1683 WHITTLESEY ROAD,COLUMBUS,GA,31904,"http://maps.google.com/maps?q=1683 WHITTLESEY ROAD,+COLUMBUS,+GA+31904&hl=en"
NOLENSVILLE POLICE DEPARTMENT,NOLENSVILLE PD,7218 NOLENSVILLE RD,NOLENSVILLE,TN,37135,"http://maps.google.com/maps?q=7218 NOLENSVILLE RD,+NOLENSVILLE,+TN+37135&hl=en"
PEACHTREE CITY POLICE DEPARTMENT,PEACHTREE CITY POLICE DEPARTMENT,350 HIGHWAY 74 SOUTH,PEACHTREE CITY,GA,30269,"http://maps.google.com/maps?q=350 HIGHWAY 74 SOUTH,+PEACHTREE CITY,+GA+30269&hl=en"
POLK COUNTY SHERIFF'S OFFICE,POLK COUNTY SHERIFF'S OFFICE,1676 ROCKMART HWY.,CEDARTOWN,GA,30125,"http://maps.google.com/maps?q=1676 ROCKMART HWY.,+CEDARTOWN,+GA+30125&hl=en"
POWDER SPRINGS POLICE DEPARTMENT,POWDER SPRINGS POLICE DEPARTMENT,1114 RICHARD D. SAILORS PKWY,POWDER SPRINGS,GA,30127,"http://maps.google.com/maps?q=1114 RICHARD D. SAILORS PKWY,+POWDER SPRINGS,+GA+30127&hl=en"
PRATTVILLE POLICE DEPARTMENT,JONES DRUGS,959 EAST MAIN STREET,PRATTVILLE,AL,36067,"http://maps.google.com/maps?q=959 EAST MAIN STREET,+PRATTVILLE,+AL+36067&hl=en"
PUTNAM COUNTY SHERIFF DEPT.,NUNALLY DRUG STORE,226 WEST MAIN STREET,BAXTER,TN,38544,"http://maps.google.com/maps?q=226 WEST MAIN STREET,+BAXTER,+TN+38544&hl=en"
PUTNAM COUNTY SHERIFF DEPT.,WALGREENS,950 N WASHINGTON AVE,COOKEVILLE,TN,38501,"http://maps.google.com/maps?q=950 N WASHINGTON AVE,+COOKEVILLE,+TN+38501&hl=en"
PUTNAM COUNTY SHERIFF DEPT.,WALGREENS 5474,500 SOUTH WILLOW AVENUE,COOKEVILLE,TN,38501,"http://maps.google.com/maps?q=500 SOUTH WILLOW AVENUE,+COOKEVILLE,+TN+38501&hl=en"
RED BANK POLICE DEPARTMENT,FOOD CITY,3901 DAYTON BLVD,CHATTANOOGA,TN,37415,"http://maps.google.com/maps?q=3901 DAYTON BLVD,+CHATTANOOGA,+TN+37415&hl=en"
RHEA COUNTY SHERIFF'S DEPT.,"SPRING CITY, CITY HALL TENT LOCATED IN THE FRONT PARKING LOT",229 FRONT STREET,SPRING CITY,TN,37381,"http://maps.google.com/maps?q=229 FRONT STREET,+SPRING CITY,+TN+37381&hl=en"
RHEA COUNTY SHERIFF'S DEPT.,WALMART SUPERCENTER TENT LOCATED AT THE PARKING LOT ENTRANCE,3034 RHEA COUNTY HWY,DAYTON,TN,37321,"http://maps.google.com/maps?q=3034 RHEA COUNTY HWY,+DAYTON,+TN+37321&hl=en"
RIVERDALE POLICE DEPARTMENT,RIVERDALE TOWN CENTER,7210 CHURCH ST,RIVERDALE,GA,30274,"http://maps.google.com/maps?q=7210 CHURCH ST,+RIVERDALE,+GA+30274&hl=en"
ROCKDALE COUNTY SHERIFFS OFFICE,ROCKDALE COUNTY SHERIFF'S OFFICE,911 CHAMBERS DR,CONYERS,GA,30012,"http://maps.google.com/maps?q=911 CHAMBERS DR,+CONYERS,+GA+30012&hl=en"
ROSWELL POLICE DEPARTMENT,ROSWELL RECYCLING CENTER,11570 MAXWELL RD,ALPHARETTA,GA,30009,"http://maps.google.com/maps?q=11570 MAXWELL RD,+ALPHARETTA,+GA+30009&hl=en"
RUTHERFORD COUNTY SHERIFF'S OFFICE,RUTHERFORD COUNTY SHERIFF'S OFFICE,940 NEW SALEM HIGHWAY,MURFREESBORO,TN,37129,"http://maps.google.com/maps?q=940 NEW SALEM HIGHWAY,+MURFREESBORO,+TN+37129&hl=en"
RUTHERFORD COUNTY SHERIFF'S OFFICE,STONE CREST MEDICAL CENTER,200 STONECREST BLVD.,SMYRNA,TN,37167,"http://maps.google.com/maps?q=200 STONECREST BLVD.,+SMYRNA,+TN+37167&hl=en"
SANDY SPRINGS POLICE DEPT,KROGER,335 SANDY SPRINGS PL,ATLANTA,GA,30350,"http://maps.google.com/maps?q=335 SANDY SPRINGS PL,+ATLANTA,+GA+30350&hl=en"
SANDY SPRINGS POLICE DEPT,SANDY SPRINGS POLICE DEPT HEADQUARTERS,7840 ROSWELL RDSUITE 301,ATLANTA,GA,30350,"http://maps.google.com/maps?q=7840 ROSWELL RD,+ATLANTA,+GA+30350&hl=en"
SHELBY COUNTY TASK FORCE,GREYSTONE YMCA,5414 HIGHWAY 280,BIRMINGHAM,AL,35242,"http://maps.google.com/maps?q=5414 HIGHWAY 280,+BIRMINGHAM,+AL+35242&hl=en"
SHELBY COUNTY TASK FORCE,MONTEVALLO DRUG,3990 HWY 25,MONTEVALLO,AL,35115,"http://maps.google.com/maps?q=3990 HWY 25,+MONTEVALLO,+AL+35115&hl=en"
SHELBY COUNTY TASK FORCE,PELHAM POLICE DEPARTMENT,32 PHILIP DAVIS STREET,PELHAM,AL,35124,"http://maps.google.com/maps?q=32 PHILIP DAVIS STREET,+PELHAM,+AL+35124&hl=en"
SHELBY COUNTY TASK FORCE,TARGET,250 SOUTH COLONIAL DRIVE,ALABASTER,AL,35007,"http://maps.google.com/maps?q=250 SOUTH COLONIAL DRIVE,+ALABASTER,+AL+35007&hl=en"
SHELBY COUNTY TASK FORCE,WINN DIXIE,150 CHELSEA CORNERS WAY,CHELSEA,AL,35043,"http://maps.google.com/maps?q=150 CHELSEA CORNERS WAY,+CHELSEA,+AL+35043&hl=en"
SIGNAL MOUNTAIN POLICE DEPARTMENT,SIGNAL MOUNTAIN POLICE DEPARTMENT,1111 RIDGEWAY AVENUE,SIGNAL MOUNTAIN,TN,37377,"http://maps.google.com/maps?q=1111 RIDGEWAY AVENUE,+SIGNAL MOUNTAIN,+TN+37377&hl=en"
SMYRNA POLICE DEPARTMENT,SMYRNA POLICE DEPARTMENT,2646 ATLANTA ROAD,SMYRNA,GA,30080,"http://maps.google.com/maps?q=2646 ATLANTA ROAD,+SMYRNA,+GA+30080&hl=en"
SNELLVILLE POLICE DEPARTMENT,SNELLVILLE POLICE DEPARTMENT,2315 WISTERIA DR.,SNELLVILLE,GA,30078,"http://maps.google.com/maps?q=2315 WISTERIA DR.,+SNELLVILLE,+GA+30078&hl=en"
SPANISH FORT POLICE DEPARTMENT,SPANISH FORT POLICE DEPARTMENT,30500 ST. HWY 181SUITE 618,SPANISH FORT,AL,36527,"http://maps.google.com/maps?q=30500 ST. HWY 181,+SPANISH FORT,+AL+36527&hl=en"
SPARTA POLICE DEPARTMENT,WALGREEN DRUG STORE,483 WEST BOCKMAN WAY,SPARTA,TN,38583,"http://maps.google.com/maps?q=483 WEST BOCKMAN WAY,+SPARTA,+TN+38583&hl=en"
SPRING HILL POLICE DEPARTMENT,B & B PHARMACY,5407 MAIN STREET,SPRING HILL,TN,37174,"http://maps.google.com/maps?q=5407 MAIN STREET,+SPRING HILL,+TN+37174&hl=en"
SPRING HILL POLICE DEPARTMENT,SPRING HILL POLICE DEPARTMENT LOWER LEVEL,199 TOWN CENTER PKWY - LOWER LEVEL,SPRING HILL,TN,37174,"http://maps.google.com/maps?q=199 TOWN CENTER PKWY - LOWER LEVEL,+SPRING HILL,+TN+37174&hl=en"
SWEETWATER POLICE DEPT.,SWEETWATER POLICE DEPT.,208 MONROE ST.,SWEETWATER,TN,37874,"http://maps.google.com/maps?q=208 MONROE ST.,+SWEETWATER,+TN+37874&hl=en"
TALLAHASSEE POLICE DEPARTMENT,TALLAHASSEE POLICE DEPARTMENT,234 E. 7TH AV,TALLAHASSEE,FL,32303,"http://maps.google.com/maps?q=234 E. 7TH AV,+TALLAHASSEE,+FL+32303&hl=en"
TALLAPOOSA COUNTY NARCOTICS TF,WALGREENS PHARMACY,3140 US 280,ALEXANDER CITY,AL,35010,"http://maps.google.com/maps?q=3140 US 280,+ALEXANDER CITY,+AL+35010&hl=en"
TENNESSEE TECH UNIVERSITY POLICE,TENNESSEE TECH UNIVERSITY LOBBY,242 E 10TH ST,COOKEVILLE,TN,38501,"http://maps.google.com/maps?q=242 E 10TH ST,+COOKEVILLE,+TN+38501&hl=en"
THOMASVILLE POLICE DEPARTMENT,WALMART,34301 HIGHWAY 43,THOMASVILLE,AL,36784,"http://maps.google.com/maps?q=34301 HIGHWAY 43,+THOMASVILLE,+AL+36784&hl=en"
TRUSSVILLE POLICE DEPARTMENT,TRUSSVILLE POLICE DEPARTMENT COURT,131 MAIN STREET,TRUSSVILLE,AL,35173,"http://maps.google.com/maps?q=131 MAIN STREET,+TRUSSVILLE,+AL+35173&hl=en"
UNIVERSITY OF TENNESSEE CHATTANOOGA,UTC HERITAGE PLAZA,615 MCCALLIE AVEDEPT 1951,CHATTANOOGA,TN,37403,"http://maps.google.com/maps?q=615 MCCALLIE AVE,+CHATTANOOGA,+TN+37403&hl=en"
WALTON COUNTY SHERIFF OFFICE,WALTON COUNTY SHERIFF OFFICE,752 TRIPLE G ROAD,DEFUNIAK SPRINGS,FL,32433,"http://maps.google.com/maps?q=752 TRIPLE G ROAD,+DEFUNIAK SPRINGS,+FL+32433&hl=en"
WASHINGTON COUNTY SHERIFFS OFFICE,WASHINGTON COUNTY SHERIFFS OFFICE,45 COURT STREET,CHATOM,AL,36518,"http://maps.google.com/maps?q=45 COURT STREET,+CHATOM,+AL+36518&hl=en"
WAYNESBORO POLICE DEPT,FRED'S PHARMACY,307 HWY 64 E,WAYNESBORO,TN,38485,"http://maps.google.com/maps?q=307 HWY 64 E,+WAYNESBORO,+TN+38485&hl=en"
WETUMPKA POLICE DEPARTMENT,WAL-MART,4538 US HWY 231,WETUMPKA,AL,36092,"http://maps.google.com/maps?q=4538 US HWY 231,+WETUMPKA,+AL+36092&hl=en"
WHITE COUNTY SHERIFF DEPARTMENT,WHITE COUNTY SHERIFF'S DEPARTMENT,111 DEPOT STREET,SPARTA,TN,38583,"http://maps.google.com/maps?q=111 DEPOT STREET,+SPARTA,+TN+38583&hl=en"
WILLIAMSON COUNTY SHERIFF'S OFFICE,KROGER,4726 TRADERS WAY,THOMPSONS STATION,TN,37179,"http://maps.google.com/maps?q=4726 TRADERS WAY,+THOMPSONS STATION,+TN+37179&hl=en"
