Participant,CollectionSite,Address,City,State,Zip,MapURL
ALAMEDA COUNTY DISTRICT ATTORNEY'S OFFICE,FREMONT HALL OF JUSTICE,39439 PASEO PADRE PARKWAY,FREMONT,CA,94538,"http://maps.google.com/maps?q=39439 PASEO PADRE PARKWAY,+FREMONT,+CA+94538&hl=en"
AMADOR COUNTY SHERIFF'S OFFICE,AMADOR COUNTY SHERIFF'S OFFICE,700 COURT STREET,JACKSON,CA,95642,"http://maps.google.com/maps?q=700 COURT STREET,+JACKSON,+CA+95642&hl=en"
ANAHEIM P.D. (KAISER),KAISER PERMANENTE ANAHEIM MEDICAL CENTER KRAEMER MEDICAL OFFICE BLDG. 1,3460 E. LA PALMA AVE.,ANAHEIM,CA,92806,"http://maps.google.com/maps?q=3460 E. LA PALMA AVE.,+ANAHEIM,+CA+92806&hl=en"
AZUSA POLICE DEPARTMENT,AZUSA POLICE DEPT. (LOBBY) CPL. JASON KIMES,725 N. ALAMEDA AVE.6268123299X3922,AZUSA,CA,91702,"http://maps.google.com/maps?q=725 N. ALAMEDA AVE.,+AZUSA,+CA+91702&hl=en"
BAKERSFIELD POLICE DEPARTMENT,BAKERSFIELD POLICE DEPARTMENT,1601 TRUXTUN AVE,BAKERSFIELD,CA,93301,"http://maps.google.com/maps?q=1601 TRUXTUN AVE,+BAKERSFIELD,+CA+93301&hl=en"
BAKERSFIELD POLICE DEPARTMENT,BAKERSFIELD POLICE WEST COLLECTION SITE PARKING LOT ADJACENT TO PHYSICCAL ADDRESS LOCATION,3501 STOCKDALE HWY,BAKERSFIELD,CA,93309,"http://maps.google.com/maps?q=3501 STOCKDALE HWY,+BAKERSFIELD,+CA+93309&hl=en"
BALDWIN PD (KAISER),KAISER PERMANENTE BALDWIN PK MED. CTR. PARKING LOT,1011 BALDWIN PARK BLVD.,BALDWIN PARK,CA,91706,"http://maps.google.com/maps?q=1011 BALDWIN PARK BLVD.,+BALDWIN PARK,+CA+91706&hl=en"
BREA POLICE DEPARTMENT,BREA POLICE DEPARTMENT FRONT DRIVEWAY,1 CIVIC CENTER CIRCLE,BREA,CA,92821,"http://maps.google.com/maps?q=1 CIVIC CENTER CIRCLE,+BREA,+CA+92821&hl=en"
BUENA PARK P.D.,BUENA PARK PD LOBBY,6640 BEACH BL.,BUENA PARK,CA,90621,"http://maps.google.com/maps?q=6640 BEACH BL.,+BUENA PARK,+CA+90621&hl=en"
BUENA PARK P.D.,BUENA PARK SENIOR CENTER LOBBY,8150 KNOTT AVE,BUENA PARK,CA,90620,"http://maps.google.com/maps?q=8150 KNOTT AVE,+BUENA PARK,+CA+90620&hl=en"
BURBANK POLICE DEPARTMENT,BURBANK POLICE STATION PARKING LOT,200 N THIRD ST.,BURBANK,CA,91502,"http://maps.google.com/maps?q=200 N THIRD ST.,+BURBANK,+CA+91502&hl=en"
CALAVERAS COUNTY SHERIFF'S OFFICE,ANGELS CAMP POLICE DEPARTMENT,200 MONTE VERDA STREET,ANGELS CAMP,CA,95222,"http://maps.google.com/maps?q=200 MONTE VERDA STREET,+ANGELS CAMP,+CA+95222&hl=en"
CALAVERAS COUNTY SHERIFF'S OFFICE,CALAVERAS COUNTY SHERIFF'S OFFICE TOYON MIDDLE SCHOOL,3412 DOUBLE SPRINGS ROAD,VALLEY SPRINGS,CA,95252,"http://maps.google.com/maps?q=3412 DOUBLE SPRINGS ROAD,+VALLEY SPRINGS,+CA+95252&hl=en"
CALIFORNIA HIGHWAY PATROL - SANTA MARIA STATION,CA. HIGHWAY PATROL OFFICER EFREM MOORE,1710 N. CARLOTTI DR.,SANTA MARIA,CA,93454,"http://maps.google.com/maps?q=1710 N. CARLOTTI DR.,+SANTA MARIA,+CA+93454&hl=en"
CALIFORNIA HIGHWAY PATROL- MONTEREY OFFICE,CALIFORNIA HIGHWAY PATROL MONTEREY OFFICE,960 E BLANCO RD,SALINAS,CA,93901,"http://maps.google.com/maps?q=960 E BLANCO RD,+SALINAS,+CA+93901&hl=en"
CAMARILLO POLICE DEPARTMENT,CAMARILLO POLICE DEPT. LOBBY,3701 E. LAS POSAS RD.,CAMARILLO,CA,93010,"http://maps.google.com/maps?q=3701 E. LAS POSAS RD.,+CAMARILLO,+CA+93010&hl=en"
CARMEL POLICE DEPARTMENT,CARMEL POLICE DEPARTMENT,SE JUNIPERO AND FOURTH AVENUE,CARMEL,CA,93921,"http://maps.google.com/maps?q=SE JUNIPERO AND FOURTH AVENUE,+CARMEL,+CA+93921&hl=en"
CHINO POLICE DEPARTMENT,CHINO POLICE DEPARTMENT FRONT LOBBY,5450 GUARDIAN WAY,CHINO,CA,91710,"http://maps.google.com/maps?q=5450 GUARDIAN WAY,+CHINO,+CA+91710&hl=en"
"CITY OF BELLFLOWER, L.A. CTY SHERIFF (KAISER)",KAISER MEDICAL OFFICES PARKING LOT OFF OF CLARK AVE.,9400 E. ROSECRANS,BELLFLOWER,CA,90706,"http://maps.google.com/maps?q=9400 E. ROSECRANS,+BELLFLOWER,+CA+90706&hl=en"
CLAREMONT POLICE DEPARTMENT,CLAREMONT POLICE DEPARTMENT FRONT LOBBY,570 W. BONITA AVE,CLAREMONT,CA,91711,"http://maps.google.com/maps?q=570 W. BONITA AVE,+CLAREMONT,+CA+91711&hl=en"
CLOVIS POLICE DEPARTMENT,CLOVIS POLICE DEPT,1233 5TH ST,CLOVIS,CA,93612,"http://maps.google.com/maps?q=1233 5TH ST,+CLOVIS,+CA+93612&hl=en"
COALINGA POLICE DEPARTMENT,COALINGA POLICE DEPARTMENT,270 N SIXTH ST,COALINGA,CA,93210,"http://maps.google.com/maps?q=270 N SIXTH ST,+COALINGA,+CA+93210&hl=en"
COLTON POLICE DEPARTMENT,COLTON POLICE DEPARTMENT CIVIC CENTER PARKING LOT,650 NORTH LA CADEENA DR.,COLTON,CA,92324,"http://maps.google.com/maps?q=650 NORTH LA CADEENA DR.,+COLTON,+CA+92324&hl=en"
CORONA POLICE DEPT.,CORONA PD PARKING LOT,730 PUBLIC SAFETY WAY,CORONA,CA,92880,"http://maps.google.com/maps?q=730 PUBLIC SAFETY WAY,+CORONA,+CA+92880&hl=en"
COSTA MESA PD,COSTA MESA P.D. DET. ALEGADO 7147545361,99 FAIR DR.,COSTA MESA,CA,92628,"http://maps.google.com/maps?q=99 FAIR DR.,+COSTA MESA,+CA+92628&hl=en"
COVINA POLICE DEPT.,COVINA POLICE DEPT. LOBBY,444 NORTH CITRUS AVE.,COVINA,CA,91723,"http://maps.google.com/maps?q=444 NORTH CITRUS AVE.,+COVINA,+CA+91723&hl=en"
CULVER CITY POLICE DEPARTMENT,CULVER CITY POLICE DEPARTMENT NORTHSIDE CORNER,4040 DUQUESNE,CULVER CITY,CA,90232,"http://maps.google.com/maps?q=4040 DUQUESNE,+CULVER CITY,+CA+90232&hl=en"
CYPRESS POLICE DEPT.,CYPRESS POLICE DEPT. FRONT PARKING LOT,5275 ORANGE AVE.,CYPRESS,CA,90630,"http://maps.google.com/maps?q=5275 ORANGE AVE.,+CYPRESS,+CA+90630&hl=en"
DEA FRESNO DISTRICT OFFICE,DEA FRESNO ROBERT E. COYLE FEDERAL BUILDING,2500 TULARE STREET,FRESNO,CA,93721,"http://maps.google.com/maps?q=2500 TULARE STREET,+FRESNO,+CA+93721&hl=en"
DINUBA POLICE DEPARTMENT,DINUBA POLICE DEPARTMENT,680 S. ALTA AVENUE,DINUBA,CA,93618,"http://maps.google.com/maps?q=680 S. ALTA AVENUE,+DINUBA,+CA+93618&hl=en"
DOS PALOS POLICE DEPARTMENT,DOS PALOS POLICE DEPARTMENT,1546 GOLDEN GATE AVE,DOS PALOS,CA,93620,"http://maps.google.com/maps?q=1546 GOLDEN GATE AVE,+DOS PALOS,+CA+93620&hl=en"
DOWNEY POLICE DEPARTMENT,DOWNEY POLICE DEPARTMENT IN THE WEST PARKING LOT,10911 BROOKSHIRE AVENUE,DOWNEY,CA,90241,"http://maps.google.com/maps?q=10911 BROOKSHIRE AVENUE,+DOWNEY,+CA+90241&hl=en"
DRUG ENFORCEMENT ADMINISTRATION,CLINICA MONSIGNOR ROMERO POC ZELENNE CARDENAS 213-622-1621 X-224,2032 MARENGO STREET,LOS ANGELES,CA,90033,"http://maps.google.com/maps?q=2032 MARENGO STREET,+LOS ANGELES,+CA+90033&hl=en"
DRUG ENFORCEMENT ADMINISTRATION,COUNTY OF L.A. HELEN KELLER PARK CHARLES PORTER 2136221621,12521 VERMONT AVE.,LOS ANGELES,CA,90044,"http://maps.google.com/maps?q=12521 VERMONT AVE.,+LOS ANGELES,+CA+90044&hl=en"
DRUG ENFORCEMENT ADMINISTRATION,FEDERAL ROYBAL BUILDING - LOBBY,255 E TEMPLE ST,LOS ANGELES,CA,90012,"http://maps.google.com/maps?q=255 E TEMPLE ST,+LOS ANGELES,+CA+90012&hl=en"
DRUG ENFORCEMENT ADMINISTRATION,HOLLYWOOD POLICE DEPT. SGT. DAVIS 6619044303,6501 FOUNTAIN AVE.,LOS ANGELES,CA,90028,"http://maps.google.com/maps?q=6501 FOUNTAIN AVE.,+LOS ANGELES,+CA+90028&hl=en"
DRUG ENFORCEMENT ADMINISTRATION,WATTS HEALTHCARE CORP. TENESHA TAYLOR 3235685400X5422,10300 COMPTON AVE.,LOS ANGELES,CA,90002,"http://maps.google.com/maps?q=10300 COMPTON AVE.,+LOS ANGELES,+CA+90002&hl=en"
EL DORADO COUNTY SHERIFF'S OFFICE,EL DORADO COUNTY FIRE STATION 17,6430 PONY EXPRESS TRAIL,POLLOCK PINES,CA,95726,"http://maps.google.com/maps?q=6430 PONY EXPRESS TRAIL,+POLLOCK PINES,+CA+95726&hl=en"
EL DORADO COUNTY SHERIFF'S OFFICE,EL DORADO COUNTY SHERIFF'S OFFICE,300 FAIR LANE,PLACERVILLE,CA,95667,"http://maps.google.com/maps?q=300 FAIR LANE,+PLACERVILLE,+CA+95667&hl=en"
EL DORADO COUNTY SHERIFF'S OFFICE,EL DORADO COUNTY SHERIFF'S OFFICE SUBSTATION,"6101 FRONT ST., SUITE 4",GEORGETOWN,CA,95634,"http://maps.google.com/maps?q=6101 FRONT ST., SUITE 4,+GEORGETOWN,+CA+95634&hl=en"
EL SEGUNDO POLICE DEPT.,EL SEGUNDO CITY YARD PARKING LOT,150 ILLINOIS ST.,EL SEGUNDO,CA,90245,"http://maps.google.com/maps?q=150 ILLINOIS ST.,+EL SEGUNDO,+CA+90245&hl=en"
EXETER POLICE DEPARTMENT,EXETER POLICE DEPARTMENT,100 NORTH C ST,EXETER,CA,93221,"http://maps.google.com/maps?q=100 NORTH  C ST,+EXETER,+CA+93221&hl=en"
FALLON POLICE DEPARTMENT,CVS PHARMACY PARKING LOT,461 W. WILLIAMS AVE.,FALLON,NV,89406,"http://maps.google.com/maps?q=461 W. WILLIAMS AVE.,+FALLON,+NV+89406&hl=en"
FALLON POLICE DEPARTMENT,FALLON TRIBAL HEALTH CLINIC PARKING LOT,1001 RIO VISTA DR.,FALLON,NV,89406,"http://maps.google.com/maps?q=1001 RIO VISTA DR.,+FALLON,+NV+89406&hl=en"
FALLON POLICE DEPARTMENT,WALGREENS PHARMACY PARKING LOT,2020 RENO HWY.,FALLON,NV,89406,"http://maps.google.com/maps?q=2020 RENO HWY.,+FALLON,+NV+89406&hl=en"
FARMERSVILLE POLICE DEPARTMENT,FARMERSVILLE POLICE DEPARTMENT,909 W. VISALIA ROAD,FARMERSVILLE,CA,93223,"http://maps.google.com/maps?q=909 W. VISALIA ROAD,+FARMERSVILLE,+CA+93223&hl=en"
FILLMORE POLICE DEPARTMENT,FILLMORE POLICE DEPARTMENT LOBBY,524 SESPE AVE.,FILLMORE,CA,93015,"http://maps.google.com/maps?q=524 SESPE AVE.,+FILLMORE,+CA+93015&hl=en"
FIREBAUGH POLICE DEPARTMENT,FIREBAUGH POLICE DEPARTMENT,1575 11TH STREET,FIREBAUGH,CA,93622,"http://maps.google.com/maps?q=1575 11TH STREET,+FIREBAUGH,+CA+93622&hl=en"
FULLERTON POLICE DEPARTMENT,FULLERTON POLICE DEPARTMENT DRIVE-THRU ON HIGHLAND AVE.,237 W COMMONWEALTH AVE,FULLERTON,CA,92832,"http://maps.google.com/maps?q=237 W COMMONWEALTH AVE,+FULLERTON,+CA+92832&hl=en"
GARDEN GROVE POLICE DEPARTMENT,GARDEN GROVE POLICE DEPARTMENT LOBBY,11301 ACACIA PKWY,GARDEN GROVE,CA,92842,"http://maps.google.com/maps?q=11301 ACACIA PKWY,+GARDEN GROVE,+CA+92842&hl=en"
GARDENA POLICE DEPARTMENT,GARDENA P.D.,1718 W 162 STREET,GARDENA,CA,90247,"http://maps.google.com/maps?q=1718 W 162 STREET,+GARDENA,+CA+90247&hl=en"
GLENDORA POLICE DEPARTMENT,GLENDORA P.D. LOBBY,150 S. GLENDORA AVE,GLENDORA,CA,91741,"http://maps.google.com/maps?q=150 S. GLENDORA AVE,+GLENDORA,+CA+91741&hl=en"
GONZALES POLICE DEPARTMENT,GONZALES POLICE DEPARTMENT,109 FOURTH STREET,GONZALES,CA,93926,"http://maps.google.com/maps?q=109 FOURTH STREET,+GONZALES,+CA+93926&hl=en"
GRASS VALLEY POLICE DEPARTMENT,GRASS VALLEY POLICE DEAPRTMENT,129 S AUBURN ST,GRASS VALLEY,CA,95945,"http://maps.google.com/maps?q=129 S AUBURN ST,+GRASS VALLEY,+CA+95945&hl=en"
GUADALUPE POLICE DEPARTMENT,GUADALUPE POLICE DEPARTMENT LOBBY,4490 10TH STREET,GUADALUPE,CA,93434,"http://maps.google.com/maps?q=4490 10TH STREET,+GUADALUPE,+CA+93434&hl=en"
HERMOSA BEACH POLICE DEPARTMENT,HERMOSA BEACH POLICE DEPARTMENT FRONT LOBBY,540 PIER AVE,HERMOSA BEACH,CA,90254,"http://maps.google.com/maps?q=540 PIER AVE,+HERMOSA BEACH,+CA+90254&hl=en"
HOLLISTER POLICE DEPARTMENT,TARGET PARKING LOT,1790 AIRLINE HWY,HOLLISTER,CA,95023,"http://maps.google.com/maps?q=1790 AIRLINE HWY,+HOLLISTER,+CA+95023&hl=en"
HUNTINGTON BEACH POLICE DEPT.,HUNTINGTON BEACH P.D. FRONT LOBBY,2000 MAIN STREET,HUNTINGTON BEACH,CA,92648,"http://maps.google.com/maps?q=2000 MAIN STREET,+HUNTINGTON BEACH,+CA+92648&hl=en"
IRVINE P.D.,HOAG HEALTH CTR. PARKING LOT,16405 SAND CANYON,IRVINE,CA,92618,"http://maps.google.com/maps?q=16405 SAND CANYON,+IRVINE,+CA+92618&hl=en"
IRVINE P.D.,IRVINE POLICE DEPT. FRONT PARKING LOT,1 CIVIC CENTER PLAZA,IRVINE,CA,92606,"http://maps.google.com/maps?q=1 CIVIC CENTER PLAZA,+IRVINE,+CA+92606&hl=en"
IRVINE P.D.,KAISER PERMANENTE FRONT PARKING LOT,6650 ALTON PARKWAY,IRVINE,CA,92618,"http://maps.google.com/maps?q=6650 ALTON PARKWAY,+IRVINE,+CA+92618&hl=en"
IRVINE VALLEY COLLEGE POLICE,IRVINE VALLEY COLLEGE POLICE PARKING LOT 5,5500 IRVINE CENTER DR.,IRVINE,CA,92618,"http://maps.google.com/maps?q=5500 IRVINE CENTER DR.,+IRVINE,+CA+92618&hl=en"
KERN COUNTY SHERIFF'S OFFICE,KCSO HEADQUARTERS,1350 NORRIS ROAD,BAKERSFIELD,CA,93308,"http://maps.google.com/maps?q=1350 NORRIS ROAD,+BAKERSFIELD,+CA+93308&hl=en"
KERN COUNTY SHERIFF'S OFFICE,KERN COUNTY SHERIFF'S OFFICE DELANO SUBSTATION,455 LEXINGTON STREET,DELANO,CA,93215,"http://maps.google.com/maps?q=455 LEXINGTON STREET,+DELANO,+CA+93215&hl=en"
KERN COUNTY SHERIFF'S OFFICE,KERN COUNTY SHERIFF'S OFFICE KERNVALLEY SUBSTATION,"7046 LAKE ISABELLA BLVD.,",LAKE ISABELLA,CA,93240,"http://maps.google.com/maps?q=7046 LAKE ISABELLA BLVD.,,+LAKE ISABELLA,+CA+93240&hl=en"
KERN COUNTY SHERIFF'S OFFICE,KERN COUNTY SHERIFF'S OFFICE MOJAVE SUBSTATION,1771 MAIN STREET,MOJAVE,CA,93501,"http://maps.google.com/maps?q=1771 MAIN STREET,+MOJAVE,+CA+93501&hl=en"
KERN COUNTY SHERIFF'S OFFICE,KERN COUNTY SHERIFF'S OFFICE RIDGECREST SUBSTATION,128 E. COSO AVENUE,RIDGECREST,CA,93555,"http://maps.google.com/maps?q=128 E. COSO AVENUE,+RIDGECREST,+CA+93555&hl=en"
KERN COUNTY SHERIFF'S OFFICE,KERN COUNTY SHERIFF'S OFFICE TAFT SUBSTATION,315 N. LINCOLN STREET,TAFT,CA,93268,"http://maps.google.com/maps?q=315 N. LINCOLN STREET,+TAFT,+CA+93268&hl=en"
KERN COUNTY SHERIFF'S OFFICE,KERN COUNTY SHERIFF'S OFFICE TEHACHAPI SUBSTATION,22209 OLD TOWN ROAD,TEHACHAPI,CA,93561,"http://maps.google.com/maps?q=22209 OLD TOWN ROAD,+TEHACHAPI,+CA+93561&hl=en"
KERN COUNTY SHERIFF'S OFFICE,KERN COUNTY SHERIFF'S OFFICE WASCO SUBSTATION,"748 ""F"" STREET",WASCO,CA,93280,http://maps.google.com/maps?q=748 
LA HABRA POLICE DEPARTMENT,LA HABRA POLICE DEPARTMENT FRONT LOBBY,150 NORTH EUCLID STREET,LA HABRA,CA,90631,"http://maps.google.com/maps?q=150 NORTH EUCLID STREET,+LA HABRA,+CA+90631&hl=en"
LA VERNE POLICE DEPARTMENT,LA VERNE POLICE DEPARTMENT LOBBY,2061 THIRD ST.,LA VERNE,CA,91750,"http://maps.google.com/maps?q=2061 THIRD  ST.,+LA VERNE,+CA+91750&hl=en"
LINDSAY POLICE DEPARTMENT,LINDSAY POLICE DEPARTMENT,185 N. GALE HILL AVE,LINDSAY,CA,93247,"http://maps.google.com/maps?q=185 N. GALE HILL AVE,+LINDSAY,+CA+93247&hl=en"
LIVERMORE POLICE DEPARTMENT,LIVERMORE POLICE DEPARTMENT,1110 S. LIVERMORE AVE.,LIVERMORE,CA,94550,"http://maps.google.com/maps?q=1110 S. LIVERMORE AVE.,+LIVERMORE,+CA+94550&hl=en"
LIVINGSTON POLICE DEPT,LIVINGSTON POLICE DEPARTMENT,1446 C STREET,LIVINGSTON,CA,95334,"http://maps.google.com/maps?q=1446 C STREET,+LIVINGSTON,+CA+95334&hl=en"
LONG BEACH POLICE DEPARTMENT,LONG BEACH MEMORIAL HOSP. PARKING LOT,2801 ATLANTIC,LONG BEACH,CA,90806,"http://maps.google.com/maps?q=2801 ATLANTIC,+LONG BEACH,+CA+90806&hl=en"
LOS ALAMITOS POLICE DEPT.,MCAULIFFE MIDDLE SCHOOL ATTN:CHRIS VLASIC 5627994700XT80412,4112 CERRITOS AVE.,LOS ALAMITOS,CA,90720,"http://maps.google.com/maps?q=4112 CERRITOS AVE.,+LOS ALAMITOS,+CA+90720&hl=en"
LOS ANGELES COUNTY SHERIFF'S DEPT.,"LASD, LOMITA STATION SGT. DOUG SHIVE 3102001534",26123 S. NARBONNE AVE.,LOMITA,CA,90717,"http://maps.google.com/maps?q=26123 S. NARBONNE AVE.,+LOMITA,+CA+90717&hl=en"
LOS ANGELES COUNTY SHERIFF'S DEPT.,"LASD, SANTA CLARITA VALLEY STATION SGT. TIM VANDER LEEK 6617995198",23740 W. MAGIC MOUNTAIN PKWY,VALENCIA,CA,91355,"http://maps.google.com/maps?q=23740 W. MAGIC MOUNTAIN PKWY,+VALENCIA,+CA+91355&hl=en"
LOS ANGELES COUNTY SHERIFF'S DEPT.,"LASD, TEMPLE STATION DEP.CANTU 6262923376",8838 E. LAS TUNAS DR.,TEMPLE CITY,CA,91780,"http://maps.google.com/maps?q=8838 E. LAS TUNAS DR.,+TEMPLE CITY,+CA+91780&hl=en"
LOS ANGELES COUNTY SHERIFF'S DEPT.,"LASD, WALNUT STATION SGT. JASON CUNNINGHAM 9098592802",KAISER HOSP.1336 BRIDGE GATE DR.,DIAMOND BAR,CA,91765,"http://maps.google.com/maps?q=KAISER HOSP.,+DIAMOND BAR,+CA+91765&hl=en"
LOS ANGELES PD (KAISER),FIRST BAPTIST CHURCH ALICE LEE 9093422788,760 S. WESTMORELAND AVE.,LOS ANGELES,CA,90005,"http://maps.google.com/maps?q=760 S. WESTMORELAND AVE.,+LOS ANGELES,+CA+90005&hl=en"
LOS ANGELES PD (KAISER),KAISER PANORAMA CITY MED CTR JULIE YOO & FLAVIUS BAIESC,"13652 CANTARA ST., NORTH 3 BLDG",PANORAMA CITY,CA,91402,"http://maps.google.com/maps?q=13652 CANTARA ST., NORTH 3 BLDG,+PANORAMA CITY,+CA+91402&hl=en"
LOS ANGELES PD (KAISER),KAISER PERMANENTE LOS ANGELES MEDICAL CENTER ALEX CAO 3107410290,4760 WEST SUNSET BLVD.,HOLLYWOOD,CA,90027,"http://maps.google.com/maps?q=4760 WEST SUNSET BLVD.,+HOLLYWOOD,+CA+90027&hl=en"
LOS ANGELES PD (KAISER),KAISER PERMANENTE SOUTH BAY MED. CTR. PARHAM NEBEGH 3105172248,"25825 S. VERMONT AVE., PARKVIEW BLDG.",HARBOR CITY,CA,90710,"http://maps.google.com/maps?q=25825 S. VERMONT AVE., PARKVIEW BLDG.,+HARBOR CITY,+CA+90710&hl=en"
LOS ANGELES PD (KAISER),KAISER PERMANENTE WOODLAND HILLS MEDICAL CENTER ROBERT DEAMER 8052364941,5601 DE SOTO AVENUE,WOODLAND HILLS,CA,91367,"http://maps.google.com/maps?q=5601 DE SOTO AVENUE,+WOODLAND HILLS,+CA+91367&hl=en"
LOS ANGELES PD (KAISER),KAISER WEST L.A MEDICAL CTR. ARIC WILSON ARIC.J.WILSON@KP.ORG,6041 CADILLAC AV. (24 HR. PHARM. CIRCLE),LOS ANGELES,CA,90034,"http://maps.google.com/maps?q=6041 CADILLAC AV. (24 HR. PHARM. CIRCLE),+LOS ANGELES,+CA+90034&hl=en"
LOS BANOS POLICE DEPARTMENT,LOS BANOS POLICE DEPARTMENT,945 5TH STREET,LOS BANOS,CA,93635,"http://maps.google.com/maps?q=945  5TH STREET,+LOS BANOS,+CA+93635&hl=en"
MANHATTAN BEACH POLICE DEPARTMENT,MANHATTAN BEACH POLICE DEPARTMENT CONFERENCE ROOM,420 15TH ST,MANHATTAN BEACH,CA,90266,"http://maps.google.com/maps?q=420 15TH ST,+MANHATTAN BEACH,+CA+90266&hl=en"
MARINA POLICE DEPARTMENT,PUBLIC SAFETY BUILDING,211 HILLCREST AVENUE,MARINA,CA,93933,"http://maps.google.com/maps?q=211 HILLCREST AVENUE,+MARINA,+CA+93933&hl=en"
MARIPOSA COUNTY SHERIFF'S OFFICE,MARIPOSA COUNTY LAKE DON PEDRO TRANSFER STATION,9729 MERCED FALLS ROAD,LA GRANGE,CA,95329,"http://maps.google.com/maps?q=9729 MERCED FALLS ROAD,+LA GRANGE,+CA+95329&hl=en"
MARIPOSA COUNTY SHERIFF'S OFFICE,MARIPOSA SHERIFF'S OFFICE DISPATCH LOBBY,"4963 10TH STREET,",MARIPOSA,CA,95338,"http://maps.google.com/maps?q=4963 10TH STREET,,+MARIPOSA,+CA+95338&hl=en"
MARIPOSA COUNTY SHERIFF'S OFFICE,MARIPOSA SHERIFF'S OFFICE SUB STATION #1,10549 FISKE ROAD,COULTERVILLE,CA,95311,"http://maps.google.com/maps?q=10549 FISKE ROAD,+COULTERVILLE,+CA+95311&hl=en"
MENDOTA POLICE DEPARTMENT,MENDOTA POLICE DEPARTMENT,"1000 AIRPORT BLVD., BUILDING A",MENDOTA,CA,93640,"http://maps.google.com/maps?q=1000 AIRPORT BLVD., BUILDING A,+MENDOTA,+CA+93640&hl=en"
MENDOTA POLICE DEPARTMENT,MENDOTA POLICE DEPARTMENT MONDAY - FRIDAY 8:00AM - 5:00 PM,1000 AIRPORT BLVD. BLDG. A,MENDOTA,CA,93640,"http://maps.google.com/maps?q=1000 AIRPORT BLVD. BLDG. A,+MENDOTA,+CA+93640&hl=en"
MILPITAS PD,MILPITAS POLICE DEPARTMENT,1275 N. MILPITAS BLVD,MILPITAS,CA,95035,"http://maps.google.com/maps?q=1275 N. MILPITAS BLVD,+MILPITAS,+CA+95035&hl=en"
MONTCLAIR POLICE DEPARTMENT,MONTCLAIR POLICE DEPARTMENT FRONT LOBBY,4870 ARROW HIGHWAY,MONTCLAIR,CA,91763,"http://maps.google.com/maps?q=4870 ARROW HIGHWAY,+MONTCLAIR,+CA+91763&hl=en"
MONTEBELLO P.D.,YMCA PARKING LOT,2000 WEST BEVERLY BLVD.,MONTEBELLO,CA,90640,"http://maps.google.com/maps?q=2000 WEST BEVERLY BLVD.,+MONTEBELLO,+CA+90640&hl=en"
MONTEREY COUNTY SHERIFF'S OFFICE,BANK OF AMERICA PARKING LOT IN FRONT OF THE BANK,RIO ROAD AT HWY 1,CARMEL,CA,93923,"http://maps.google.com/maps?q=RIO ROAD AT HWY 1,+CARMEL,+CA+93923&hl=en"
MONTEREY COUNTY SHERIFF'S OFFICE,PINE CANYON FIRE STATION PARKING LOT IN FRONT OF THE FIRE STATION,51251 PINE CANYON ROAD,KING CITY,CA,93930,"http://maps.google.com/maps?q=51251 PINE CANYON ROAD,+KING CITY,+CA+93930&hl=en"
MONTEREY COUNTY SHERIFF'S OFFICE,PRUNETREE SHOPPING CENTER PARKING LOT IN FRONT OF CVS/PHARMACY,17579 VIERRA CANYON ROAD,SALINAS,CA,93907,"http://maps.google.com/maps?q=17579 VIERRA CANYON ROAD,+SALINAS,+CA+93907&hl=en"
MONTEREY POLICE DEPARTMENT,MONTEREY POLICE DEPARTMENT,351 MADISON STREET,MONTEREY,CA,93940,"http://maps.google.com/maps?q=351 MADISON STREET,+MONTEREY,+CA+93940&hl=en"
MORGAN HILL POLICE DEPARTMENT,MORGAN HILL POLICE DEPARTMENT,16200 VINEYARD BLVD,MORGAN HILL,CA,95037,"http://maps.google.com/maps?q=16200 VINEYARD BLVD,+MORGAN HILL,+CA+95037&hl=en"
MURRIETA POLICE DEPARTMENT,MURRIETA POLICE DEPARTMENT LOBBY,2 TOWN SQUARE,MURRIETA,CA,92562,"http://maps.google.com/maps?q=2 TOWN SQUARE,+MURRIETA,+CA+92562&hl=en"
NEWPORT BEACH POLICE DEPARTMENT,HOAG HOSPITAL/LOWER CAMPUS PARKING LOT,1 HOAG ROAD,NEWPORT BEACH,CA,92663,"http://maps.google.com/maps?q=1 HOAG ROAD,+NEWPORT BEACH,+CA+92663&hl=en"
NEWPORT BEACH POLICE DEPARTMENT,OASIS SENIOR CENTER OVERFLOW LOT AT 5TH AVE. & MARGUERITE AVE.,801 NARCISSUS AVE,CORONA DEL MAR,CA,92625,"http://maps.google.com/maps?q=801 NARCISSUS AVE,+CORONA DEL MAR,+CA+92625&hl=en"
NORTHEEAST LOS ANGELES P.D.,NORTHEAST LOS ANGELES P.D. COMMUNITY ROOM,3353 N. SAN FERNANDO RD.,LOS ANGELES,CA,90065,"http://maps.google.com/maps?q=3353 N. SAN FERNANDO RD.,+LOS ANGELES,+CA+90065&hl=en"
ONTARIO POLICE DEPARTMENT,KAISER MEDICAL CENTER BUILDING B,2295 S. VINEYARD AVE,ONTARIO,CA,91761,"http://maps.google.com/maps?q=2295 S. VINEYARD AVE,+ONTARIO,+CA+91761&hl=en"
ONTARIO POLICE DEPARTMENT,ONTARIO POLICE DEPARTMENT FRONT LOBBY,2500 S. ARCHIBALD AVE,ONTARIO,CA,91761,"http://maps.google.com/maps?q=2500 S. ARCHIBALD AVE,+ONTARIO,+CA+91761&hl=en"
ONTARIO POLICE DEPARTMENT,ONTARIO SENIOR CENTER,225 E. B STREET,ONTARIO,CA,91762,"http://maps.google.com/maps?q=225 E. B STREET,+ONTARIO,+CA+91762&hl=en"
ORANGE COUNTY SHERIFF'S DEPARTMENT,ANAHEIM INDEPENDENCIA COMMUNITY CTR.,10841 GARZA AVE.,ANAHEIM,CA,92814,"http://maps.google.com/maps?q=10841 GARZA AVE.,+ANAHEIM,+CA+92814&hl=en"
ORANGE COUNTY SHERIFF'S DEPARTMENT,LAGUNA HILLS CITY HALL ASAMBRANO@OCSD.ORG,24035 EL TORO ROAD,LAGUNA HILLS,CA,92653,"http://maps.google.com/maps?q=24035 EL TORO ROAD,+LAGUNA HILLS,+CA+92653&hl=en"
ORANGE COUNTY SHERIFF'S DEPARTMENT,LAGUNA WOODS CITY HALL JAREALLANO@OCSD.ORG,24264 EL TORO RD.,LAGUNA WOODS,CA,92637,"http://maps.google.com/maps?q=24264 EL TORO  RD.,+LAGUNA WOODS,+CA+92637&hl=en"
ORANGE COUNTY SHERIFF'S DEPARTMENT,LAKE FOREST CITY HALL JDMCLENNAN@OCSD.ORG,25550 COMMERCE CENTRE DR,LAKE FOREST,CA,92630,"http://maps.google.com/maps?q=25550 COMMERCE CENTRE DR,+LAKE FOREST,+CA+92630&hl=en"
ORANGE COUNTY SHERIFF'S DEPARTMENT,MISSION VIEJO CITY HALL PMONICAL@OCSD.ORG,200 CIVIC CENTER,MISSION VIEJO,CA,92692,"http://maps.google.com/maps?q=200 CIVIC CENTER,+MISSION VIEJO,+CA+92692&hl=en"
ORANGE COUNTY SHERIFF'S DEPARTMENT,RANCHO SANTA MARGARITA CITY HALL RSIEMENSMA@OCSD.ORG,22112 EL PASEO,RANCHO SANTA MARGARITA,CA,92688,"http://maps.google.com/maps?q=22112 EL PASEO,+RANCHO SANTA MARGARITA,+CA+92688&hl=en"
ORANGE COUNTY SHERIFF'S DEPARTMENT,ROSSMOOR RUSH PARK APATTANAIK@OCSD.ORG,3021 BLUME DR.,ROSSMOOR,CA,90720,"http://maps.google.com/maps?q=3021 BLUME DR.,+ROSSMOOR,+CA+90720&hl=en"
ORANGE COUNTY SHERIFF'S DEPARTMENT,SAN JUAN CAPISTRANO CITY HALL CCORLEY@OCSD.ORG,32400 PASEO ADELANTO,SAN JUAN CAPISTRANO,CA,92675,"http://maps.google.com/maps?q=32400 PASEO ADELANTO,+SAN JUAN CAPISTRANO,+CA+92675&hl=en"
ORANGE COUNTY SHERIFF'S DEPARTMENT,YORBA LINDA POLICE SVCS. BJASPER@OCSD.ORG,20994 YORBA LINDA BL.,YORBA LINDA,CA,92887,"http://maps.google.com/maps?q=20994 YORBA LINDA BL.,+YORBA LINDA,+CA+92887&hl=en"
ORANGE POLICE DEPARTMENT,CITY OF ORANGE CITY HALL PARKING LOT,360 E. CHAPMAN,ORANGE,CA,92866,"http://maps.google.com/maps?q=360 E. CHAPMAN,+ORANGE,+CA+92866&hl=en"
OXNARD POLICE DEPARTMENT,OXNARD POLICE DEPARTMENT LOBBY,251 SOUTH C STREET,OXNARD,CA,93030,"http://maps.google.com/maps?q=251 SOUTH C STREET,+OXNARD,+CA+93030&hl=en"
PACIFIC GROVE POLICE DEPARTMENT,PACIFIC GROVE POLICE DEPARTMENT,580 PINE AVENUE,PACIFIC GROVE,CA,93950,"http://maps.google.com/maps?q=580 PINE AVENUE,+PACIFIC GROVE,+CA+93950&hl=en"
PALM SPRINGS P.D.,PALM SPRINGS P.D. FRONT LOBBY,200 S. CIVIC DR.,PALM SPRINGS,CA,92262,"http://maps.google.com/maps?q=200 S. CIVIC DR.,+PALM SPRINGS,+CA+92262&hl=en"
PALOS VERDES ESTATES P.D.,PALO VERDES ESTATES POLICE DEPARTMENT DRIVE THRU,340 PALO VERDES DRIVE W.,PALOS VERDES PENINSULA,CA,90274,"http://maps.google.com/maps?q=340 PALO VERDES DRIVE W.,+PALOS VERDES PENINSULA,+CA+90274&hl=en"
PASADENA POLICE DEPARTMENT,PASADENA POLICE DEPARTMENT IN FRONT OF LOBBY,207 GARFIELD AVE,PASADENA,CA,91101,"http://maps.google.com/maps?q=207 GARFIELD AVE,+PASADENA,+CA+91101&hl=en"
PLACER COUNTY SHERIFF'S OFFICE,OLD TAHOE CITY FIRE STATION ABOVE COMMONS BEACH (9 AM--12 PM),300 NORTH LAKE BLVD,TAHOE CITY,CA,96145,"http://maps.google.com/maps?q=300 NORTH LAKE BLVD,+TAHOE CITY,+CA+96145&hl=en"
PLACER COUNTY SHERIFF'S OFFICE,PLACER COUNTY SHERIFF'S OFFICE COLFAX SUBSTATION,10 CULVER STREET,COLFAX,CA,95713,"http://maps.google.com/maps?q=10 CULVER STREET,+COLFAX,+CA+95713&hl=en"
POMONA POLICE DEPARTMENT,POMONA POLICE DEPARTMENT FRONT LOBBY,490 MISSION BLVD,POMONA,CA,91766,"http://maps.google.com/maps?q=490 MISSION BLVD,+POMONA,+CA+91766&hl=en"
PORT HUENEME POLICE DEPARTMENT,PORT HUENEME POLICE DEPARTMENT LOBBY,250 NORTH VENTURA ROAD,PORT HUENEME,CA,93041,"http://maps.google.com/maps?q=250 NORTH VENTURA ROAD,+PORT HUENEME,+CA+93041&hl=en"
PORTERVILLE POLICE DEPARTMENT,PORTERVILLE POLICE DEPARTMENT,350 N. D STREET,PORTERVILLE,CA,93257,"http://maps.google.com/maps?q=350 N. D  STREET,+PORTERVILLE,+CA+93257&hl=en"
REDONDO BEACH POLICE DEPARTMENT,REDONDO BEACH POLICE ANNEX PARKING LOT OFF VINCENT STREET,200 N. PACIFIC COAST HWY,REDONDO BEACH,CA,90277,"http://maps.google.com/maps?q=200 N. PACIFIC COAST HWY,+REDONDO BEACH,+CA+90277&hl=en"
REDWOOD CITY POLICE DEPARTMENT,REDWOOD CITY POLICE SUBSTATION,2223 BROADWAY,REDWOOD CITY,CA,94063,"http://maps.google.com/maps?q=2223 BROADWAY,+REDWOOD CITY,+CA+94063&hl=en"
RIPON POLICE DEPARTMENT,RIPON POLICE DEPARTMENT,259 N. WILMA AVE.,RIPON,CA,95366,"http://maps.google.com/maps?q=259 N. WILMA AVE.,+RIPON,+CA+95366&hl=en"
RIVERSIDE P.D. (KAISER),KAISER HOSPITAL PARKING LOT,10800 MAGNOLIA AVENUE (NW CORNER),RIVERSIDE,CA,92505,"http://maps.google.com/maps?q=10800 MAGNOLIA AVENUE (NW CORNER),+RIVERSIDE,+CA+92505&hl=en"
SAN BERNARDINO CTY SHERIFF DEPT,HIGHLAND STATION LEE GUERRA 9094259793,26985 BASELINE ROAD,HIGHLAND,CA,92346,"http://maps.google.com/maps?q=26985 BASELINE ROAD,+HIGHLAND,+CA+92346&hl=en"
SAN BERNARDINO CTY SHERIFF DEPT,PHELAN SHERIFF STATION 7608681006 JOE PARKER,4050 PHELAN RD,PHELAN,CA,92371,"http://maps.google.com/maps?q=4050 PHELAN RD,+PHELAN,+CA+92371&hl=en"
SAN BERNARDINO CTY SHERIFF DEPT,RANCHO CUCAMONGA STATION DET. JOHN NABRY 9094772854,10510 CIVIC CENTER DRIVE,RANCHO CUCAMONGA,CA,91730,"http://maps.google.com/maps?q=10510 CIVIC CENTER DRIVE,+RANCHO CUCAMONGA,+CA+91730&hl=en"
SAN BERNARDINO CTY SHERIFF DEPT,SAN BERNARDINO S.D./CENTRAL STATION TFO JOE PARKER,655 E. 3RD ST.,SAN BERNARDINO,CA,92415,"http://maps.google.com/maps?q=655 E. 3RD ST.,+SAN BERNARDINO,+CA+92415&hl=en"
SAN BERNARDINO CTY SHERIFF DEPT,SAN BERNARDINO SD/CHINO HILLS STATION TFO JOE PARKER 9093642000,14077 PEYTON DR.,CHINO HILLS,CA,91709,"http://maps.google.com/maps?q=14077 PEYTON DR.,+CHINO HILLS,+CA+91709&hl=en"
SAN BERNARDINO CTY SHERIFF DEPT,VICTORVILLE STATION (LOBBY) KEVIN DOWDEY 7602412911,909938333814200 AMARGOSA RD.,VICTORVILLE,CA,92392,"http://maps.google.com/maps?q=9099383338,+VICTORVILLE,+CA+92392&hl=en"
SAN BERNARDINO SCHOOL POLICE DEPARTMENT,MARTIN LUTHER KING MIDDLE SCHOOL PARKING LOT,1250 MEDICAL CENTER DRIVE,SAN BERNARDINO,CA,92411,"http://maps.google.com/maps?q=1250 MEDICAL CENTER DRIVE,+SAN BERNARDINO,+CA+92411&hl=en"
SAN GABRIEL POLICE DEPARTMENT,SAN GABRIEL POLICE DEPARTMENT IN FRONT OF POLICE STATION,625 SOUTH DEL MAR AVE.,SAN GABRIEL,CA,91776,"http://maps.google.com/maps?q=625 SOUTH DEL MAR AVE.,+SAN GABRIEL,+CA+91776&hl=en"
SAN JOSE POLICE DEPARTMENT,ALMADEN COMMUNITY CENTER,6445 CAMDEN AVE,SAN JOSE,CA,95120,"http://maps.google.com/maps?q=6445 CAMDEN AVE,+SAN JOSE,+CA+95120&hl=en"
SAN JOSE POLICE DEPARTMENT,BASCOM COMMUNITY CENTER,1000 S. BASCOM AVENUE,SAN JOSE,CA,95128,"http://maps.google.com/maps?q=1000 S. BASCOM AVENUE,+SAN JOSE,+CA+95128&hl=en"
SAN JOSE POLICE DEPARTMENT,CALABAZAS BRANCH LIBRARY,1230 S. BLANEY AVENUE,SAN JOSE,CA,95129,"http://maps.google.com/maps?q=1230 S.  BLANEY AVENUE,+SAN JOSE,+CA+95129&hl=en"
SAN JOSE POLICE DEPARTMENT,CAMDEN COMMUNITY CENTER,3369 UNION AVE,SAN JOSE,CA,95124,"http://maps.google.com/maps?q=3369 UNION AVE,+SAN JOSE,+CA+95124&hl=en"
SAN JOSE POLICE DEPARTMENT,MAYFAIR COMMUNITY CENTER,2039 KAMMERER AVE,SAN JOSE,CA,95116,"http://maps.google.com/maps?q=2039 KAMMERER AVE,+SAN JOSE,+CA+95116&hl=en"
SAN JOSE POLICE DEPARTMENT,SAN JOSE POLICE SUBSTATION,6087 GREAT OAKS PKWY,SAN JOSE,CA,95119,"http://maps.google.com/maps?q=6087 GREAT OAKS PKWY,+SAN JOSE,+CA+95119&hl=en"
SAN JOSE POLICE DEPARTMENT,SEVEN TREES COMMUNITY CENTER,3590 CAS DRIVE,SAN JOSE,CA,95111,"http://maps.google.com/maps?q=3590 CAS DRIVE,+SAN JOSE,+CA+95111&hl=en"
SAN JOSE POLICE DEPARTMENT,WILLOW GLEN COMMUNITY CENTER,2175 LINCOLN AVE,SAN JOSE,CA,95125,"http://maps.google.com/maps?q=2175 LINCOLN AVE,+SAN JOSE,+CA+95125&hl=en"
SAN LOUIS OBISPO POLICE DEPT.,SIERRA VISTA REGIONAL MED CTR JENN RHOADS 8057811195,1010 MURRAY AVE,SAN LUIS OBISPO,CA,93405,"http://maps.google.com/maps?q=1010 MURRAY AVE,+SAN LUIS OBISPO,+CA+93405&hl=en"
SAN LOUIS OBISPO POLICE DEPT.,SOCIAL SERVICES (SAFE) JENN RHOADS 8057811195,1086 GRAND AVE,ARROYO GRANDE,CA,93420,"http://maps.google.com/maps?q=1086 GRAND AVE,+ARROYO GRANDE,+CA+93420&hl=en"
SAN LOUIS OBISPO POLICE DEPT.,TWIN CITIES COMMUNITY HOSP. JENN RHOADS 8057811195,1100 LAS TABLAS RD,TEMPLETON,CA,93465,"http://maps.google.com/maps?q=1100 LAS TABLAS RD,+TEMPLETON,+CA+93465&hl=en"
SANGER POLICE DEPARTMENT,SANGER POLICE DEPARTMENT,1700 7TH STREET,SANGER,CA,93657,"http://maps.google.com/maps?q=1700  7TH STREET,+SANGER,+CA+93657&hl=en"
SANTA ANA POLICE DEPARTMENT,WESTEND OFFICE LOBBY,3750 WEST MCFADDEN AVE.UNIT I,SANTA ANA,CA,92704,"http://maps.google.com/maps?q=3750 WEST MCFADDEN AVE.,+SANTA ANA,+CA+92704&hl=en"
SANTA CLARA COUNTY DISTRICT ATTORNEY'S OFFICE,DISTRICT ATTORNEY¿S OFFICE SANTA CLARA COUNTY PARKING LOT,70 W. HEDDING ST.,SAN JOSE,CA,95136,"http://maps.google.com/maps?q=70 W. HEDDING ST.,+SAN JOSE,+CA+95136&hl=en"
SANTA CLARA COUNTY DISTRICT ATTORNEY'S OFFICE,SANTA CLARA COUNTY DISTRICT ATTORNEY'S OFFICE,70 W. HEDDING STPARKING LOT,SAN JOSE,CA,95110,"http://maps.google.com/maps?q=70 W. HEDDING ST,+SAN JOSE,+CA+95110&hl=en"
SANTA MARIA HIGHWAY PATROL,SANTA MARIA DMV PARKING LOT,523 S. MCCLELLAND ST.,SANTA MARIA,CA,93454,"http://maps.google.com/maps?q=523 S. MCCLELLAND ST.,+SANTA MARIA,+CA+93454&hl=en"
SANTA MONICA P.D.,SANTA MONICA P.D. OUTSIDE CURB,333 OLYMPIC DR.,SANTA MONICA,CA,90401,"http://maps.google.com/maps?q=333 OLYMPIC DR.,+SANTA MONICA,+CA+90401&hl=en"
SEAL BEACH POLICE DEPARTMENT,LEISURE WORLD MAIN GATE,13533 SEAL BEACH BL.,SEAL BEACH,CA,90740,"http://maps.google.com/maps?q=13533 SEAL BEACH BL.,+SEAL BEACH,+CA+90740&hl=en"
SEASIDE POLICE DEPARTMENT,SEASIDE POLICE DEPARTMENT,440 HARCOURT AVENUE,SEASIDE,CA,93955,"http://maps.google.com/maps?q=440 HARCOURT AVENUE,+SEASIDE,+CA+93955&hl=en"
SIMI VALLEY POLICE DEPT.,SIMI VALLEY POLICE DEPT. PARKING LOT,3901 ALAMO ST.,SIMI VALLEY,CA,93063,"http://maps.google.com/maps?q=3901 ALAMO ST.,+SIMI VALLEY,+CA+93063&hl=en"
SOUTH LAKE TAHOE POLICE DEPT,SAFEWAY PARKING LOT,1020 JOHNSON BLVD,SOUTH LAKE TAHOE,CA,96150,"http://maps.google.com/maps?q=1020 JOHNSON BLVD,+SOUTH LAKE TAHOE,+CA+96150&hl=en"
SOUTH PASADENA POLICE DEPARTMENT,SOUTH PASADENA POLICE DEPARTMENT COURTYARD,1422 MISSION ST.,SOUTH PASADENA,CA,91030,"http://maps.google.com/maps?q=1422 MISSION ST.,+SOUTH PASADENA,+CA+91030&hl=en"
STANISLAUS DRUG ENFORCEMENT AGENCY,STANISLAUS COURTHOUSE,2260 FLOYD AVE,MODESTO,CA,95355,"http://maps.google.com/maps?q=2260 FLOYD AVE,+MODESTO,+CA+95355&hl=en"
TEHACHAPI POLICE DEPARTMENT,TEHACHAPI POLICE DEPARTMENT,220 WEST C STREET,TEHACHAPI,CA,93561,"http://maps.google.com/maps?q=220 WEST  C  STREET,+TEHACHAPI,+CA+93561&hl=en"
TORRANCE POLICE DEPARTMENT,TORRANCE POLICE DEPARTMENT IN FRONT OF MAIN LOBBY,3300 CIVIC CENTER DRIVE,TORRANCE,CA,90503,"http://maps.google.com/maps?q=3300 CIVIC CENTER DRIVE,+TORRANCE,+CA+90503&hl=en"
TRUCKEE POLICE DEPARTMENT,GATEWAY SHOPPING CENTER PARKING LOT,11290 DONNER PASS RD.,TRUCKEE,CA,96161,"http://maps.google.com/maps?q=11290 DONNER PASS RD.,+TRUCKEE,+CA+96161&hl=en"
TULARE COUNTY SHERIFF'S OFFICE,TULARE COUNTY SHERIFF'S OFFICE HEADQUARTERS,833 S. AKERS ST,VISALIA,CA,93277,"http://maps.google.com/maps?q=833 S. AKERS ST,+VISALIA,+CA+93277&hl=en"
TULARE COUNTY SHERIFF'S OFFICE,TULARE COUNTY SHERIFF'S OFFICE OROSI SHERIFF'S SUBSTATION,40765 RD. 128,CUTLER,CA,93615,"http://maps.google.com/maps?q=40765 RD. 128,+CUTLER,+CA+93615&hl=en"
TULARE COUNTY SHERIFF'S OFFICE,TULARE COUNTY SHERIFF'S OFFICE PIXLEY SHERIFF'S SUBSTATION,161 N. PINE ST,PIXLEY,CA,93256,"http://maps.google.com/maps?q=161 N. PINE ST,+PIXLEY,+CA+93256&hl=en"
TULARE COUNTY SHERIFF'S OFFICE,TULARE COUNTY SHERIFF'S OFFICE PORTERVILLE SHERIFF'S SUBSTATION,379 N. 3RD ST,PORTERVILLE,CA,93257,"http://maps.google.com/maps?q=379 N. 3RD ST,+PORTERVILLE,+CA+93257&hl=en"
TULARE COUNTY SHERIFF'S OFFICE,TULARE COUNTY SHERIFF'S OFFICE VISALIA SHERIFF'S SUBSTATION,2404 W. BURREL AVE,VISALIA,CA,93291,"http://maps.google.com/maps?q=2404 W. BURREL AVE,+VISALIA,+CA+93291&hl=en"
TULARE POLICE DEPARTMENT,TULARE POLICE DEPARTMENT BEHIND CITY HALL IN THE PARKING LOT,411 E. KERN,TULARE,CA,93274,"http://maps.google.com/maps?q=411 E. KERN,+TULARE,+CA+93274&hl=en"
TUOLUMNE COUNTY SHERIFF'S OFFICE,JUNCTION SHOPPING CENTER,13775 MONO WAY,SONORA,CA,95370,"http://maps.google.com/maps?q=13775 MONO WAY,+SONORA,+CA+95370&hl=en"
TUSTIN POLICE DEPARTMENT,TUSTIN POLICE DEPARTMENT COMMUNITY CENTER,300 CENTENNIAL WAY,TUSTIN,CA,92780,"http://maps.google.com/maps?q=300 CENTENNIAL WAY,+TUSTIN,+CA+92780&hl=en"
U.C.IRVINE P.D.,U.C. IRVINE P.D. PARKING LOT,410 EAST PELTASON,IRVINE,CA,92697,"http://maps.google.com/maps?q=410 EAST PELTASON,+IRVINE,+CA+92697&hl=en"
UPLAND POLICE DEPARTMENT,UPLAND POLICE DEPARTMENT TRAINING ROOM OFF LOBBY,1499 W. 13TH ST.,UPLAND,CA,91786,"http://maps.google.com/maps?q=1499 W. 13TH ST.,+UPLAND,+CA+91786&hl=en"
VENTURA COUNTY SHERIFF HQ STATION,MOORPARK PD SGT. DARIN HENDREN,610 SPRING ROAD,MOORPARK,CA,93021,"http://maps.google.com/maps?q=610 SPRING ROAD,+MOORPARK,+CA+93021&hl=en"
VENTURA COUNTY SHERIFF HQ STATION,OJAI POLICE DEPT SGT. SHANE MATHEWS 8056461414,402 S. VENTURA ST.,OJAI,CA,93023,"http://maps.google.com/maps?q=402 S. VENTURA ST.,+OJAI,+CA+93023&hl=en"
VISALIA POLICE DEPARTMENT,TULARE COUNTY SHERIFF'S OFFICE,2404 W. BURREL,VISALIA,CA,93291,"http://maps.google.com/maps?q=2404 W. BURREL,+VISALIA,+CA+93291&hl=en"
VISALIA POLICE DEPARTMENT,VISALIA POLICE DEPARTMENT,303 S. JOHNSON ST.,VISALIA,CA,93291,"http://maps.google.com/maps?q=303 S. JOHNSON ST.,+VISALIA,+CA+93291&hl=en"
WEST COVINA P.D.,CVS PARKING LOT,3670 NOGALES ST.,WEST COVINA,CA,91792,"http://maps.google.com/maps?q=3670 NOGALES ST.,+WEST COVINA,+CA+91792&hl=en"
WHITTIER POLICE DEPARTMENT,WHITTIER CITY HALL DROP OFF/DRIVE BY,13230 PENN ST.,WHITTIER,CA,90602,"http://maps.google.com/maps?q=13230 PENN ST.,+WHITTIER,+CA+90602&hl=en"
